[{"model": "admin.logentry", "pk": 1, "fields": {"action_time": "2024-05-10T13:42:53.633Z", "user": 3, "content_type": 10, "object_id": "1", "object_repr": "Драмма", "action_flag": 1, "change_message": "[{\"added\": {}}]"}}, {"model": "admin.logentry", "pk": 2, "fields": {"action_time": "2024-05-10T13:44:08.459Z", "user": 3, "content_type": 10, "object_id": "2", "object_repr": "Зарубежные драммы", "action_flag": 1, "change_message": "[{\"added\": {}}]"}}, {"model": "admin.logentry", "pk": 3, "fields": {"action_time": "2024-05-10T13:44:41.887Z", "user": 3, "content_type": 10, "object_id": "1", "object_repr": "Драмма", "action_flag": 3, "change_message": ""}}, {"model": "admin.logentry", "pk": 4, "fields": {"action_time": "2024-05-10T13:44:41.890Z", "user": 3, "content_type": 10, "object_id": "2", "object_repr": "Зарубежные драммы", "action_flag": 3, "change_message": ""}}, {"model": "admin.logentry", "pk": 5, "fields": {"action_time": "2024-05-10T13:44:48.697Z", "user": 3, "content_type": 10, "object_id": "3", "object_repr": "Драма", "action_flag": 1, "change_message": "[{\"added\": {}}]"}}, {"model": "admin.logentry", "pk": 6, "fields": {"action_time": "2024-05-10T13:45:03.060Z", "user": 3, "content_type": 10, "object_id": "4", "object_repr": "Зарубежная драма", "action_flag": 1, "change_message": "[{\"added\": {}}]"}}, {"model": "admin.logentry", "pk": 7, "fields": {"action_time": "2024-05-10T13:45:21.499Z", "user": 3, "content_type": 10, "object_id": "5", "object_repr": "Русская драма", "action_flag": 1, "change_message": "[{\"added\": {}}]"}}, {"model": "admin.logentry", "pk": 8, "fields": {"action_time": "2024-05-10T13:45:49.167Z", "user": 3, "content_type": 10, "object_id": "3", "object_repr": "Драма", "action_flag": 3, "change_message": ""}}, {"model": "admin.logentry", "pk": 9, "fields": {"action_time": "2024-05-10T13:45:49.172Z", "user": 3, "content_type": 10, "object_id": "5", "object_repr": "Русская драма", "action_flag": 3, "change_message": ""}}, {"model": "admin.logentry", "pk": 10, "fields": {"action_time": "2024-05-10T13:45:49.175Z", "user": 3, "content_type": 10, "object_id": "4", "object_repr": "Зарубежная драма", "action_flag": 3, "change_message": ""}}, {"model": "admin.logentry", "pk": 11, "fields": {"action_time": "2024-05-10T13:45:55.083Z", "user": 3, "content_type": 10, "object_id": "6", "object_repr": "Драмы", "action_flag": 1, "change_message": "[{\"added\": {}}]"}}, {"model": "admin.logentry", "pk": 12, "fields": {"action_time": "2024-05-10T13:46:08.636Z", "user": 3, "content_type": 10, "object_id": "7", "object_repr": "Зарубежные драмы", "action_flag": 1, "change_message": "[{\"added\": {}}]"}}, {"model": "admin.logentry", "pk": 13, "fields": {"action_time": "2024-05-10T13:46:19.540Z", "user": 3, "content_type": 10, "object_id": "8", "object_repr": "Русские драмы", "action_flag": 1, "change_message": "[{\"added\": {}}]"}}, {"model": "admin.logentry", "pk": 14, "fields": {"action_time": "2024-05-10T13:55:27.549Z", "user": 3, "content_type": 9, "object_id": "1", "object_repr": "грусть", "action_flag": 1, "change_message": "[{\"added\": {}}]"}}, {"model": "admin.logentry", "pk": 15, "fields": {"action_time": "2024-05-10T13:55:32.628Z", "user": 3, "content_type": 9, "object_id": "2", "object_repr": "собака", "action_flag": 1, "change_message": "[{\"added\": {}}]"}}, {"model": "admin.logentry", "pk": 16, "fields": {"action_time": "2024-05-10T13:55:40.220Z", "user": 3, "content_type": 9, "object_id": "3", "object_repr": "дружба", "action_flag": 1, "change_message": "[{\"added\": {}}]"}}, {"model": "admin.logentry", "pk": 17, "fields": {"action_time": "2024-05-10T13:55:46.517Z", "user": 3, "content_type": 9, "object_id": "4", "object_repr": "до слёз", "action_flag": 1, "change_message": "[{\"added\": {}}]"}}, {"model": "admin.logentry", "pk": 18, "fields": {"action_time": "2024-05-10T13:58:24.423Z", "user": 3, "content_type": 12, "object_id": "1", "object_repr": "Языки", "action_flag": 1, "change_message": "[{\"added\": {}}]"}}, {"model": "admin.logentry", "pk": 19, "fields": {"action_time": "2024-05-10T13:58:43.718Z", "user": 3, "content_type": 12, "object_id": "2", "object_repr": "Субтитры", "action_flag": 1, "change_message": "[{\"added\": {}}]"}}, {"model": "admin.logentry", "pk": 20, "fields": {"action_time": "2024-05-10T13:59:17.849Z", "user": 3, "content_type": 12, "object_id": "3", "object_repr": "Изображение и звук", "action_flag": 1, "change_message": "[{\"added\": {}}]"}}, {"model": "admin.logentry", "pk": 21, "fields": {"action_time": "2024-05-10T14:05:27.323Z", "user": 3, "content_type": 13, "object_id": "1", "object_repr": "Хатико: самый верный друг", "action_flag": 1, "change_message": "[{\"added\": {}}]"}}, {"model": "admin.logentry", "pk": 22, "fields": {"action_time": "2024-05-13T07:55:10.089Z", "user": 3, "content_type": 13, "object_id": "2", "object_repr": "Хатико: самый верный друг", "action_flag": 1, "change_message": "[{\"added\": {}}]"}}, {"model": "admin.logentry", "pk": 23, "fields": {"action_time": "2024-05-13T07:55:42.538Z", "user": 3, "content_type": 13, "object_id": "2", "object_repr": "Хатико: самый верный друг", "action_flag": 3, "change_message": ""}}, {"model": "admin.logentry", "pk": 24, "fields": {"action_time": "2024-05-13T08:00:38.056Z", "user": 3, "content_type": 13, "object_id": "1", "object_repr": "Хатико: самый верный друг", "action_flag": 3, "change_message": ""}}, {"model": "admin.logentry", "pk": 25, "fields": {"action_time": "2024-05-13T08:02:19.476Z", "user": 3, "content_type": 13, "object_id": "3", "object_repr": "Хатико: самый верный друг", "action_flag": 1, "change_message": "[{\"added\": {}}]"}}, {"model": "admin.logentry", "pk": 26, "fields": {"action_time": "2024-05-13T08:03:30.249Z", "user": 3, "content_type": 9, "object_id": "5", "object_repr": "Катастрофа", "action_flag": 1, "change_message": "[{\"added\": {}}]"}}, {"model": "admin.logentry", "pk": 27, "fields": {"action_time": "2024-05-13T08:03:40.440Z", "user": 3, "content_type": 9, "object_id": "6", "object_repr": "Любовь", "action_flag": 1, "change_message": "[{\"added\": {}}]"}}, {"model": "admin.logentry", "pk": 28, "fields": {"action_time": "2024-05-13T08:03:57.980Z", "user": 3, "content_type": 13, "object_id": "4", "object_repr": "Титаник", "action_flag": 1, "change_message": "[{\"added\": {}}]"}}, {"model": "admin.logentry", "pk": 29, "fields": {"action_time": "2024-05-13T08:07:46.054Z", "user": 3, "content_type": 9, "object_id": "7", "object_repr": "трагедия", "action_flag": 1, "change_message": "[{\"added\": {}}]"}}, {"model": "admin.logentry", "pk": 30, "fields": {"action_time": "2024-05-13T08:08:53.353Z", "user": 3, "content_type": 13, "object_id": "5", "object_repr": "Реинкарнация", "action_flag": 1, "change_message": "[{\"added\": {}}]"}}, {"model": "admin.logentry", "pk": 31, "fields": {"action_time": "2024-05-13T08:10:05.844Z", "user": 3, "content_type": 16, "object_id": "1", "object_repr": "Возьми за 100", "action_flag": 1, "change_message": "[{\"added\": {}}]"}}, {"model": "admin.logentry", "pk": 32, "fields": {"action_time": "2024-05-13T08:10:28.802Z", "user": 3, "content_type": 9, "object_id": "1", "object_repr": "грусть", "action_flag": 3, "change_message": ""}}, {"model": "admin.logentry", "pk": 33, "fields": {"action_time": "2024-05-13T08:16:27.360Z", "user": 3, "content_type": 15, "object_id": "1", "object_repr": "Review by Tahir about Титаник", "action_flag": 1, "change_message": "[{\"added\": {}}]"}}, {"model": "admin.logentry", "pk": 34, "fields": {"action_time": "2024-05-13T09:19:06.032Z", "user": 3, "content_type": 9, "object_id": "8", "object_repr": "криминал", "action_flag": 1, "change_message": "[{\"added\": {}}]"}}, {"model": "admin.logentry", "pk": 35, "fields": {"action_time": "2024-05-13T09:21:00.307Z", "user": 3, "content_type": 13, "object_id": "6", "object_repr": "Брат", "action_flag": 1, "change_message": "[{\"added\": {}}]"}}, {"model": "admin.logentry", "pk": 36, "fields": {"action_time": "2024-05-13T09:23:23.950Z", "user": 3, "content_type": 9, "object_id": "9", "object_repr": "война", "action_flag": 1, "change_message": "[{\"added\": {}}]"}}, {"model": "admin.logentry", "pk": 37, "fields": {"action_time": "2024-05-13T09:23:30.108Z", "user": 3, "content_type": 9, "object_id": "10", "object_repr": "история", "action_flag": 1, "change_message": "[{\"added\": {}}]"}}, {"model": "admin.logentry", "pk": 38, "fields": {"action_time": "2024-05-13T09:24:20.663Z", "user": 3, "content_type": 13, "object_id": "7", "object_repr": "28 панфиловцев", "action_flag": 1, "change_message": "[{\"added\": {}}]"}}, {"model": "admin.logentry", "pk": 39, "fields": {"action_time": "2024-05-13T09:28:58.159Z", "user": 3, "content_type": 13, "object_id": "8", "object_repr": "Непрощенный", "action_flag": 1, "change_message": "[{\"added\": {}}]"}}, {"model": "admin.logentry", "pk": 40, "fields": {"action_time": "2024-05-13T09:33:48.587Z", "user": 3, "content_type": 9, "object_id": "6", "object_repr": "любовь", "action_flag": 2, "change_message": "[{\"changed\": {\"fields\": [\"Name\"]}}]"}}, {"model": "admin.logentry", "pk": 41, "fields": {"action_time": "2024-05-13T09:33:55.499Z", "user": 3, "content_type": 9, "object_id": "5", "object_repr": "катастрофа", "action_flag": 2, "change_message": "[{\"changed\": {\"fields\": [\"Name\"]}}]"}}, {"model": "admin.logentry", "pk": 42, "fields": {"action_time": "2024-05-13T10:41:16.365Z", "user": 3, "content_type": 10, "object_id": "9", "object_repr": "Комедия", "action_flag": 1, "change_message": "[{\"added\": {}}]"}}, {"model": "admin.logentry", "pk": 43, "fields": {"action_time": "2024-05-13T10:41:33.295Z", "user": 3, "content_type": 10, "object_id": "10", "object_repr": "Зарубежная комедия", "action_flag": 1, "change_message": "[{\"added\": {}}]"}}, {"model": "admin.logentry", "pk": 44, "fields": {"action_time": "2024-05-13T10:43:55.519Z", "user": 3, "content_type": 13, "object_id": "9", "object_repr": "1+1", "action_flag": 1, "change_message": "[{\"added\": {}}]"}}, {"model": "admin.logentry", "pk": 45, "fields": {"action_time": "2024-05-13T10:46:15.440Z", "user": 3, "content_type": 13, "object_id": "10", "object_repr": "Бобро Поржаловать", "action_flag": 1, "change_message": "[{\"added\": {}}]"}}, {"model": "admin.logentry", "pk": 46, "fields": {"action_time": "2024-05-13T10:49:02.500Z", "user": 3, "content_type": 9, "object_id": "11", "object_repr": "бред", "action_flag": 1, "change_message": "[{\"added\": {}}]"}}, {"model": "admin.logentry", "pk": 47, "fields": {"action_time": "2024-05-13T10:49:52.207Z", "user": 3, "content_type": 13, "object_id": "11", "object_repr": "В финале Джон умрёт", "action_flag": 1, "change_message": "[{\"added\": {}}]"}}, {"model": "admin.logentry", "pk": 48, "fields": {"action_time": "2024-05-13T10:51:00.751Z", "user": 3, "content_type": 10, "object_id": "11", "object_repr": "Фэнтези", "action_flag": 1, "change_message": "[{\"added\": {}}]"}}, {"model": "admin.logentry", "pk": 49, "fields": {"action_time": "2024-05-13T10:53:05.658Z", "user": 3, "content_type": 9, "object_id": "12", "object_repr": "волшебство", "action_flag": 1, "change_message": "[{\"added\": {}}]"}}, {"model": "admin.logentry", "pk": 50, "fields": {"action_time": "2024-05-13T10:53:17.083Z", "user": 3, "content_type": 13, "object_id": "12", "object_repr": "Властелин колец: Братство Кольца", "action_flag": 1, "change_message": "[{\"added\": {}}]"}}, {"model": "admin.logentry", "pk": 51, "fields": {"action_time": "2024-05-13T10:55:52.729Z", "user": 3, "content_type": 13, "object_id": "13", "object_repr": "Властелин колец: Две крепости", "action_flag": 1, "change_message": "[{\"added\": {}}]"}}, {"model": "admin.logentry", "pk": 52, "fields": {"action_time": "2024-05-13T10:58:17.232Z", "user": 3, "content_type": 13, "object_id": "14", "object_repr": "Властелин колец: Возвращение короля", "action_flag": 1, "change_message": "[{\"added\": {}}]"}}, {"model": "admin.logentry", "pk": 53, "fields": {"action_time": "2024-05-13T12:20:57.694Z", "user": 3, "content_type": 15, "object_id": "2", "object_repr": "Review by Tahir about Брат", "action_flag": 1, "change_message": "[{\"added\": {}}]"}}, {"model": "admin.logentry", "pk": 54, "fields": {"action_time": "2024-05-13T12:22:02.497Z", "user": 3, "content_type": 15, "object_id": "3", "object_repr": "Review by Tahir about Бобро Поржаловать", "action_flag": 1, "change_message": "[{\"added\": {}}]"}}, {"model": "admin.logentry", "pk": 55, "fields": {"action_time": "2024-05-13T12:23:06.066Z", "user": 3, "content_type": 15, "object_id": "4", "object_repr": "Review by Tahir about Властелин колец: Братство Кольца", "action_flag": 1, "change_message": "[{\"added\": {}}]"}}, {"model": "admin.logentry", "pk": 56, "fields": {"action_time": "2024-05-13T12:27:49.075Z", "user": 3, "content_type": 15, "object_id": "5", "object_repr": "Review by Ksuwa about Хатико: самый верный друг", "action_flag": 1, "change_message": "[{\"added\": {}}]"}}, {"model": "admin.logentry", "pk": 57, "fields": {"action_time": "2024-05-13T12:28:36.892Z", "user": 3, "content_type": 15, "object_id": "6", "object_repr": "Review by Ksuwa about 28 панфиловцев", "action_flag": 1, "change_message": "[{\"added\": {}}]"}}, {"model": "admin.logentry", "pk": 58, "fields": {"action_time": "2024-05-13T12:29:25.339Z", "user": 3, "content_type": 15, "object_id": "7", "object_repr": "Review by Ksuwa about В финале Джон умрёт", "action_flag": 1, "change_message": "[{\"added\": {}}]"}}, {"model": "admin.logentry", "pk": 59, "fields": {"action_time": "2024-05-13T12:30:04.623Z", "user": 3, "content_type": 15, "object_id": "8", "object_repr": "Review by Ksuwa about Властелин колец: Две крепости", "action_flag": 1, "change_message": "[{\"added\": {}}]"}}, {"model": "admin.logentry", "pk": 60, "fields": {"action_time": "2024-05-13T12:31:42.839Z", "user": 3, "content_type": 16, "object_id": "2", "object_repr": "Gecrfq", "action_flag": 1, "change_message": "[{\"added\": {}}]"}}, {"model": "admin.logentry", "pk": 61, "fields": {"action_time": "2024-05-13T12:32:09.334Z", "user": 3, "content_type": 16, "object_id": "2", "object_repr": "Джон умрёт в июне за 99 рублей", "action_flag": 2, "change_message": "[{\"changed\": {\"fields\": [\"Title\"]}}]"}}, {"model": "admin.logentry", "pk": 62, "fields": {"action_time": "2024-05-13T12:32:53.767Z", "user": 3, "content_type": 7, "object_id": "17", "object_repr": "Avatar object (17)", "action_flag": 2, "change_message": "[{\"changed\": {\"fields\": [\"Description\"]}}]"}}, {"model": "admin.logentry", "pk": 63, "fields": {"action_time": "2024-05-17T01:26:55.260Z", "user": 3, "content_type": 13, "object_id": "14", "object_repr": "Властелин колец: Возвращение короля", "action_flag": 3, "change_message": ""}}, {"model": "admin.logentry", "pk": 64, "fields": {"action_time": "2024-05-17T01:26:55.263Z", "user": 3, "content_type": 13, "object_id": "13", "object_repr": "Властелин колец: Две крепости", "action_flag": 3, "change_message": ""}}, {"model": "admin.logentry", "pk": 65, "fields": {"action_time": "2024-05-17T01:26:55.267Z", "user": 3, "content_type": 13, "object_id": "12", "object_repr": "Властелин колец: Братство Кольца", "action_flag": 3, "change_message": ""}}, {"model": "admin.logentry", "pk": 66, "fields": {"action_time": "2024-05-17T01:26:55.269Z", "user": 3, "content_type": 13, "object_id": "11", "object_repr": "В финале Джон умрёт", "action_flag": 3, "change_message": ""}}, {"model": "admin.logentry", "pk": 67, "fields": {"action_time": "2024-05-17T01:26:55.272Z", "user": 3, "content_type": 13, "object_id": "10", "object_repr": "Бобро Поржаловать", "action_flag": 3, "change_message": ""}}, {"model": "admin.logentry", "pk": 68, "fields": {"action_time": "2024-05-17T01:26:55.275Z", "user": 3, "content_type": 13, "object_id": "9", "object_repr": "1+1", "action_flag": 3, "change_message": ""}}, {"model": "admin.logentry", "pk": 69, "fields": {"action_time": "2024-05-17T01:26:55.278Z", "user": 3, "content_type": 13, "object_id": "8", "object_repr": "Непрощенный", "action_flag": 3, "change_message": ""}}, {"model": "admin.logentry", "pk": 70, "fields": {"action_time": "2024-05-17T01:26:55.281Z", "user": 3, "content_type": 13, "object_id": "7", "object_repr": "28 панфиловцев", "action_flag": 3, "change_message": ""}}, {"model": "admin.logentry", "pk": 71, "fields": {"action_time": "2024-05-17T01:26:55.283Z", "user": 3, "content_type": 13, "object_id": "6", "object_repr": "Брат", "action_flag": 3, "change_message": ""}}, {"model": "admin.logentry", "pk": 72, "fields": {"action_time": "2024-05-17T01:26:55.286Z", "user": 3, "content_type": 13, "object_id": "5", "object_repr": "Реинкарнация", "action_flag": 3, "change_message": ""}}, {"model": "admin.logentry", "pk": 73, "fields": {"action_time": "2024-05-17T01:26:55.289Z", "user": 3, "content_type": 13, "object_id": "4", "object_repr": "Титаник", "action_flag": 3, "change_message": ""}}, {"model": "admin.logentry", "pk": 74, "fields": {"action_time": "2024-05-17T01:26:55.292Z", "user": 3, "content_type": 13, "object_id": "3", "object_repr": "Хатико: самый верный друг", "action_flag": 3, "change_message": ""}}, {"model": "admin.logentry", "pk": 75, "fields": {"action_time": "2024-05-17T01:27:16.413Z", "user": 3, "content_type": 10, "object_id": "11", "object_repr": "Фэнтези", "action_flag": 3, "change_message": ""}}, {"model": "admin.logentry", "pk": 76, "fields": {"action_time": "2024-05-17T01:27:16.417Z", "user": 3, "content_type": 10, "object_id": "10", "object_repr": "Зарубежная комедия", "action_flag": 3, "change_message": ""}}, {"model": "admin.logentry", "pk": 77, "fields": {"action_time": "2024-05-17T01:27:16.421Z", "user": 3, "content_type": 10, "object_id": "9", "object_repr": "Комедия", "action_flag": 3, "change_message": ""}}, {"model": "admin.logentry", "pk": 78, "fields": {"action_time": "2024-05-17T01:27:16.423Z", "user": 3, "content_type": 10, "object_id": "8", "object_repr": "Русские драмы", "action_flag": 3, "change_message": ""}}, {"model": "admin.logentry", "pk": 79, "fields": {"action_time": "2024-05-17T01:27:16.426Z", "user": 3, "content_type": 10, "object_id": "7", "object_repr": "Зарубежные драмы", "action_flag": 3, "change_message": ""}}, {"model": "admin.logentry", "pk": 80, "fields": {"action_time": "2024-05-17T01:27:16.429Z", "user": 3, "content_type": 10, "object_id": "6", "object_repr": "Драмы", "action_flag": 3, "change_message": ""}}, {"model": "admin.logentry", "pk": 81, "fields": {"action_time": "2024-05-17T01:27:24.244Z", "user": 3, "content_type": 9, "object_id": "11", "object_repr": "бред", "action_flag": 3, "change_message": ""}}, {"model": "admin.logentry", "pk": 82, "fields": {"action_time": "2024-05-17T01:31:51.447Z", "user": 3, "content_type": 10, "object_id": "12", "object_repr": "ghjgui", "action_flag": 1, "change_message": "[{\"added\": {}}]"}}, {"model": "admin.logentry", "pk": 83, "fields": {"action_time": "2024-05-17T01:31:54.328Z", "user": 3, "content_type": 10, "object_id": "12", "object_repr": "ghjgui", "action_flag": 3, "change_message": ""}}, {"model": "admin.logentry", "pk": 84, "fields": {"action_time": "2024-05-17T02:11:04.186Z", "user": 3, "content_type": 11, "object_id": "1", "object_repr": "CategoryImage object (1)", "action_flag": 1, "change_message": "[{\"added\": {}}]"}}, {"model": "admin.logentry", "pk": 85, "fields": {"action_time": "2024-05-17T02:11:08.591Z", "user": 3, "content_type": 10, "object_id": "1", "object_repr": "Драма", "action_flag": 1, "change_message": "[{\"added\": {}}]"}}, {"model": "admin.logentry", "pk": 86, "fields": {"action_time": "2024-05-17T02:13:50.241Z", "user": 3, "content_type": 11, "object_id": "2", "object_repr": "CategoryImage object (2)", "action_flag": 1, "change_message": "[{\"added\": {}}]"}}, {"model": "admin.logentry", "pk": 87, "fields": {"action_time": "2024-05-17T02:13:51.555Z", "user": 3, "content_type": 10, "object_id": "2", "object_repr": "Русская драма", "action_flag": 1, "change_message": "[{\"added\": {}}]"}}, {"model": "admin.logentry", "pk": 88, "fields": {"action_time": "2024-05-17T02:14:30.291Z", "user": 3, "content_type": 8, "object_id": "3", "object_repr": "login - Ksuwa; name - ", "action_flag": 3, "change_message": ""}}, {"model": "admin.logentry", "pk": 89, "fields": {"action_time": "2024-05-17T02:14:30.293Z", "user": 3, "content_type": 8, "object_id": "2", "object_repr": "login - Tahir; name - Тахир Ряснов", "action_flag": 3, "change_message": ""}}, {"model": "admin.logentry", "pk": 90, "fields": {"action_time": "2024-05-17T02:14:30.296Z", "user": 3, "content_type": 8, "object_id": "1", "object_repr": "login - 1user; name - user 1", "action_flag": 3, "change_message": ""}}, {"model": "admin.logentry", "pk": 91, "fields": {"action_time": "2024-05-17T02:14:41.273Z", "user": 3, "content_type": 7, "object_id": "18", "object_repr": "Avatar object (18)", "action_flag": 3, "change_message": ""}}, {"model": "admin.logentry", "pk": 92, "fields": {"action_time": "2024-05-17T02:14:41.276Z", "user": 3, "content_type": 7, "object_id": "17", "object_repr": "Avatar object (17)", "action_flag": 3, "change_message": ""}}, {"model": "admin.logentry", "pk": 93, "fields": {"action_time": "2024-05-17T02:14:41.279Z", "user": 3, "content_type": 7, "object_id": "16", "object_repr": "Avatar object (16)", "action_flag": 3, "change_message": ""}}, {"model": "admin.logentry", "pk": 94, "fields": {"action_time": "2024-05-17T02:24:23.550Z", "user": 3, "content_type": 13, "object_id": "1", "object_repr": "Брат", "action_flag": 1, "change_message": "[{\"added\": {}}]"}}, {"model": "admin.logentry", "pk": 95, "fields": {"action_time": "2024-05-17T02:26:40.238Z", "user": 3, "content_type": 13, "object_id": "2", "object_repr": "Брат", "action_flag": 1, "change_message": "[{\"added\": {}}]"}}, {"model": "admin.logentry", "pk": 96, "fields": {"action_time": "2024-05-17T02:27:05.396Z", "user": 3, "content_type": 13, "object_id": "3", "object_repr": "Брат", "action_flag": 1, "change_message": "[{\"added\": {}}]"}}, {"model": "admin.logentry", "pk": 97, "fields": {"action_time": "2024-05-17T02:27:14.134Z", "user": 3, "content_type": 13, "object_id": "2", "object_repr": "Брат", "action_flag": 3, "change_message": ""}}, {"model": "admin.logentry", "pk": 98, "fields": {"action_time": "2024-05-17T02:27:14.137Z", "user": 3, "content_type": 13, "object_id": "1", "object_repr": "Брат", "action_flag": 3, "change_message": ""}}, {"model": "admin.logentry", "pk": 99, "fields": {"action_time": "2024-05-17T02:27:18.804Z", "user": 3, "content_type": 13, "object_id": "3", "object_repr": "Брат", "action_flag": 2, "change_message": "[]"}}, {"model": "admin.logentry", "pk": 100, "fields": {"action_time": "2024-05-17T02:27:32.908Z", "user": 3, "content_type": 14, "object_id": "1", "object_repr": "Брат image app_products/products/brat.jpg", "action_flag": 1, "change_message": "[{\"added\": {}}]"}}, {"model": "admin.logentry", "pk": 101, "fields": {"action_time": "2024-05-17T02:28:34.760Z", "user": 3, "content_type": 15, "object_id": "9", "object_repr": "Review by Тахир about Брат", "action_flag": 1, "change_message": "[{\"added\": {}}]"}}, {"model": "admin.logentry", "pk": 102, "fields": {"action_time": "2024-05-17T02:34:06.731Z", "user": 3, "content_type": 11, "object_id": "3", "object_repr": "CategoryImage object (3)", "action_flag": 1, "change_message": "[{\"added\": {}}]"}}, {"model": "admin.logentry", "pk": 103, "fields": {"action_time": "2024-05-17T02:34:08.017Z", "user": 3, "content_type": 10, "object_id": "3", "object_repr": "Фэнтези", "action_flag": 1, "change_message": "[{\"added\": {}}]"}}, {"model": "admin.logentry", "pk": 104, "fields": {"action_time": "2024-05-17T02:36:11.207Z", "user": 3, "content_type": 13, "object_id": "4", "object_repr": "Властелин колец: Братство Кольца", "action_flag": 1, "change_message": "[{\"added\": {}}]"}}, {"model": "admin.logentry", "pk": 105, "fields": {"action_time": "2024-05-17T03:24:19.161Z", "user": 3, "content_type": 11, "object_id": "4", "object_repr": "CategoryImage object (4)", "action_flag": 1, "change_message": "[{\"added\": {}}]"}}, {"model": "admin.logentry", "pk": 106, "fields": {"action_time": "2024-05-17T03:24:20.716Z", "user": 3, "content_type": 10, "object_id": "4", "object_repr": "Камедия", "action_flag": 1, "change_message": "[{\"added\": {}}]"}}, {"model": "admin.logentry", "pk": 107, "fields": {"action_time": "2024-05-17T03:25:51.139Z", "user": 3, "content_type": 13, "object_id": "5", "object_repr": "Бобро Поржаловать", "action_flag": 1, "change_message": "[{\"added\": {}}]"}}, {"model": "admin.logentry", "pk": 108, "fields": {"action_time": "2024-05-17T03:26:09.201Z", "user": 3, "content_type": 14, "object_id": "2", "object_repr": "Бобро Поржаловать image app_products/products/bobro.jpg", "action_flag": 1, "change_message": "[{\"added\": {}}]"}}, {"model": "admin.logentry", "pk": 109, "fields": {"action_time": "2024-05-17T03:27:16.104Z", "user": 3, "content_type": 14, "object_id": "3", "object_repr": "Бобро Поржаловать image app_products/products/2024-05-17_06-26-39.png", "action_flag": 1, "change_message": "[{\"added\": {}}]"}}, {"model": "admin.logentry", "pk": 110, "fields": {"action_time": "2024-05-17T03:28:09.277Z", "user": 3, "content_type": 14, "object_id": "4", "object_repr": "Властелин колец: Братство Кольца image app_products/products/bratstvo.png", "action_flag": 1, "change_message": "[{\"added\": {}}]"}}, {"model": "admin.logentry", "pk": 111, "fields": {"action_time": "2024-05-17T03:32:11.777Z", "user": 3, "content_type": 15, "object_id": "10", "object_repr": "Review by Ксюша about None", "action_flag": 1, "change_message": "[{\"added\": {}}]"}}, {"model": "admin.logentry", "pk": 112, "fields": {"action_time": "2024-05-17T03:32:18.846Z", "user": 3, "content_type": 15, "object_id": "10", "object_repr": "Review by Ксюша about Бобро Поржаловать", "action_flag": 2, "change_message": "[{\"changed\": {\"fields\": [\"Product\"]}}]"}}, {"model": "admin.logentry", "pk": 113, "fields": {"action_time": "2024-05-17T03:33:10.857Z", "user": 3, "content_type": 15, "object_id": "11", "object_repr": "Review by Тахир about Властелин колец: Братство Кольца", "action_flag": 1, "change_message": "[{\"added\": {}}]"}}, {"model": "admin.logentry", "pk": 114, "fields": {"action_time": "2024-05-17T03:35:00.673Z", "user": 3, "content_type": 13, "object_id": "6", "object_repr": "Непрощенный", "action_flag": 1, "change_message": "[{\"added\": {}}]"}}, {"model": "admin.logentry", "pk": 115, "fields": {"action_time": "2024-05-17T03:35:37.720Z", "user": 3, "content_type": 14, "object_id": "5", "object_repr": "Непрощенный image app_products/products/neproshenny.jpg", "action_flag": 1, "change_message": "[{\"added\": {}}]"}}, {"model": "admin.logentry", "pk": 116, "fields": {"action_time": "2024-05-17T03:36:23.762Z", "user": 3, "content_type": 16, "object_id": "3", "object_repr": "Непрощенный всего за 99!!!", "action_flag": 1, "change_message": "[{\"added\": {}}]"}}, {"model": "admin.logentry", "pk": 117, "fields": {"action_time": "2024-05-17T03:38:54.316Z", "user": 3, "content_type": 13, "object_id": "7", "object_repr": "28 панфиловцев", "action_flag": 1, "change_message": "[{\"added\": {}}]"}}, {"model": "admin.logentry", "pk": 118, "fields": {"action_time": "2024-05-17T03:39:10.317Z", "user": 3, "content_type": 14, "object_id": "6", "object_repr": "28 панфиловцев image app_products/products/28.png", "action_flag": 1, "change_message": "[{\"added\": {}}]"}}, {"model": "admin.logentry", "pk": 119, "fields": {"action_time": "2024-05-17T04:40:08.212Z", "user": 3, "content_type": 13, "object_id": "8", "object_repr": "Титаник", "action_flag": 1, "change_message": "[{\"added\": {}}]"}}, {"model": "admin.logentry", "pk": 120, "fields": {"action_time": "2024-05-17T04:40:32.579Z", "user": 3, "content_type": 14, "object_id": "7", "object_repr": "Титаник image app_products/products/titanic.jpg", "action_flag": 1, "change_message": "[{\"added\": {}}]"}}, {"model": "admin.logentry", "pk": 121, "fields": {"action_time": "2024-05-17T05:58:12.148Z", "user": 3, "content_type": 14, "object_id": "8", "object_repr": "Непрощенный image app_products/products/Непрощенный/drama.jpg", "action_flag": 1, "change_message": "[{\"added\": {}}]"}}, {"model": "admin.logentry", "pk": 122, "fields": {"action_time": "2024-05-17T05:58:41.499Z", "user": 3, "content_type": 14, "object_id": "8", "object_repr": "Непрощенный image app_products/products/Непрощенный/drama.jpg", "action_flag": 3, "change_message": ""}}, {"model": "admin.logentry", "pk": 123, "fields": {"action_time": "2024-05-17T05:58:41.502Z", "user": 3, "content_type": 14, "object_id": "7", "object_repr": "Титаник image app_products/products/titanic.jpg", "action_flag": 3, "change_message": ""}}, {"model": "admin.logentry", "pk": 124, "fields": {"action_time": "2024-05-17T05:58:41.505Z", "user": 3, "content_type": 14, "object_id": "6", "object_repr": "28 панфиловцев image app_products/products/28.png", "action_flag": 3, "change_message": ""}}, {"model": "admin.logentry", "pk": 125, "fields": {"action_time": "2024-05-17T05:58:41.508Z", "user": 3, "content_type": 14, "object_id": "5", "object_repr": "Непрощенный image app_products/products/neproshenny.jpg", "action_flag": 3, "change_message": ""}}, {"model": "admin.logentry", "pk": 126, "fields": {"action_time": "2024-05-17T05:58:41.510Z", "user": 3, "content_type": 14, "object_id": "4", "object_repr": "Властелин колец: Братство Кольца image app_products/products/bratstvo.png", "action_flag": 3, "change_message": ""}}, {"model": "admin.logentry", "pk": 127, "fields": {"action_time": "2024-05-17T05:58:41.513Z", "user": 3, "content_type": 14, "object_id": "3", "object_repr": "Бобро Поржаловать image app_products/products/2024-05-17_06-26-39.png", "action_flag": 3, "change_message": ""}}, {"model": "admin.logentry", "pk": 128, "fields": {"action_time": "2024-05-17T05:58:41.516Z", "user": 3, "content_type": 14, "object_id": "2", "object_repr": "Бобро Поржаловать image app_products/products/bobro.jpg", "action_flag": 3, "change_message": ""}}, {"model": "admin.logentry", "pk": 129, "fields": {"action_time": "2024-05-17T05:58:41.518Z", "user": 3, "content_type": 14, "object_id": "1", "object_repr": "Брат image app_products/products/brat.jpg", "action_flag": 3, "change_message": ""}}, {"model": "admin.logentry", "pk": 130, "fields": {"action_time": "2024-05-17T05:59:15.425Z", "user": 3, "content_type": 14, "object_id": "9", "object_repr": "Брат image app_products/products/Брат/brat.jpg", "action_flag": 1, "change_message": "[{\"added\": {}}]"}}, {"model": "admin.logentry", "pk": 131, "fields": {"action_time": "2024-05-17T06:00:00.034Z", "user": 3, "content_type": 14, "object_id": "10", "object_repr": "Брат image app_products/products/Брат/tifHI47iV8g.jpg", "action_flag": 1, "change_message": "[{\"added\": {}}]"}}, {"model": "admin.logentry", "pk": 132, "fields": {"action_time": "2024-05-17T06:00:22.447Z", "user": 3, "content_type": 14, "object_id": "11", "object_repr": "Непрощенный image app_products/products/Непрощенный/neproshenny.jpg", "action_flag": 1, "change_message": "[{\"added\": {}}]"}}, {"model": "admin.logentry", "pk": 133, "fields": {"action_time": "2024-05-17T06:01:01.319Z", "user": 3, "content_type": 14, "object_id": "12", "object_repr": "Непрощенный image app_products/products/Непрощенный/952903dbcebb26438238874fcb3ba13d.jpg", "action_flag": 1, "change_message": "[{\"added\": {}}]"}}, {"model": "admin.logentry", "pk": 134, "fields": {"action_time": "2024-05-17T06:01:53.068Z", "user": 3, "content_type": 14, "object_id": "13", "object_repr": "28 панфиловцев image app_products/products/28 панфиловцев/2Fvc7Mn.jpeg", "action_flag": 1, "change_message": "[{\"added\": {}}]"}}, {"model": "admin.logentry", "pk": 135, "fields": {"action_time": "2024-05-17T06:02:27.746Z", "user": 3, "content_type": 14, "object_id": "14", "object_repr": "28 панфиловцев image app_products/products/28 панфиловцев/210.jpg", "action_flag": 1, "change_message": "[{\"added\": {}}]"}}, {"model": "admin.logentry", "pk": 136, "fields": {"action_time": "2024-05-17T06:07:30.384Z", "user": 3, "content_type": 14, "object_id": "15", "object_repr": "Властелин колец: Братство Кольца image app_products/products/Властелин кол/bratstvo.png", "action_flag": 1, "change_message": "[{\"added\": {}}]"}}, {"model": "admin.logentry", "pk": 137, "fields": {"action_time": "2024-05-17T06:08:22.970Z", "user": 3, "content_type": 14, "object_id": "16", "object_repr": "Властелин колец: Братство Кольца image app_products/products/Властелин кол/scale_1200.jpg", "action_flag": 1, "change_message": "[{\"added\": {}}]"}}, {"model": "admin.logentry", "pk": 138, "fields": {"action_time": "2024-05-17T06:11:31.860Z", "user": 3, "content_type": 13, "object_id": "9", "object_repr": "Властелин колец: Две крепости", "action_flag": 1, "change_message": "[{\"added\": {}}]"}}, {"model": "admin.logentry", "pk": 139, "fields": {"action_time": "2024-05-17T06:11:51.981Z", "user": 3, "content_type": 14, "object_id": "17", "object_repr": "Властелин колец: Две крепости image app_products/products/Властелин кол/dve.jpg", "action_flag": 1, "change_message": "[{\"added\": {}}]"}}, {"model": "admin.logentry", "pk": 140, "fields": {"action_time": "2024-05-17T06:46:18.975Z", "user": 3, "content_type": 14, "object_id": "17", "object_repr": "Властелин колец: Две крепости image app_products/products/Властелин кол/dve.jpg", "action_flag": 3, "change_message": ""}}, {"model": "admin.logentry", "pk": 141, "fields": {"action_time": "2024-05-17T06:46:18.979Z", "user": 3, "content_type": 14, "object_id": "16", "object_repr": "Властелин колец: Братство Кольца image app_products/products/Властелин кол/scale_1200.jpg", "action_flag": 3, "change_message": ""}}, {"model": "admin.logentry", "pk": 142, "fields": {"action_time": "2024-05-17T06:46:18.982Z", "user": 3, "content_type": 14, "object_id": "15", "object_repr": "Властелин колец: Братство Кольца image app_products/products/Властелин кол/bratstvo.png", "action_flag": 3, "change_message": ""}}, {"model": "admin.logentry", "pk": 143, "fields": {"action_time": "2024-05-17T06:46:58.424Z", "user": 3, "content_type": 14, "object_id": "18", "object_repr": "Властелин колец: Братство Кольца image app_products/products/Властелин колец Братство Кольца/bratstvo.png", "action_flag": 1, "change_message": "[{\"added\": {}}]"}}, {"model": "admin.logentry", "pk": 144, "fields": {"action_time": "2024-05-17T06:48:03.408Z", "user": 3, "content_type": 14, "object_id": "19", "object_repr": "Властелин колец: Братство Кольца image app_products/products/Властелин колец Братство Кольца/scale_1200.jpg", "action_flag": 1, "change_message": "[{\"added\": {}}]"}}, {"model": "admin.logentry", "pk": 145, "fields": {"action_time": "2024-05-17T06:48:15.504Z", "user": 3, "content_type": 14, "object_id": "20", "object_repr": "Властелин колец: Две крепости image app_products/products/Властелин колец Две крепости/dve.jpg", "action_flag": 1, "change_message": "[{\"added\": {}}]"}}, {"model": "admin.logentry", "pk": 146, "fields": {"action_time": "2024-05-17T06:48:22.449Z", "user": 3, "content_type": 14, "object_id": "21", "object_repr": "Властелин колец: Две крепости image app_products/products/Властелин колец Две крепости/w1500_48477979.jpg", "action_flag": 1, "change_message": "[{\"added\": {}}]"}}, {"model": "admin.logentry", "pk": 147, "fields": {"action_time": "2024-05-17T06:50:11.000Z", "user": 3, "content_type": 13, "object_id": "10", "object_repr": "Властелин колец: Возвращение короля", "action_flag": 1, "change_message": "[{\"added\": {}}]"}}, {"model": "admin.logentry", "pk": 148, "fields": {"action_time": "2024-05-17T06:50:52.700Z", "user": 3, "content_type": 14, "object_id": "22", "object_repr": "Властелин колец: Возвращение короля image app_products/products/Властелин колец Возвращение короля/vozvrashenie.jpg", "action_flag": 1, "change_message": "[{\"added\": {}}]"}}, {"model": "admin.logentry", "pk": 149, "fields": {"action_time": "2024-05-17T06:51:08.630Z", "user": 3, "content_type": 14, "object_id": "23", "object_repr": "Властелин колец: Возвращение короля image app_products/products/Властелин колец Возвращение короля/1517919734-185043860-vlastelin-_CBibz9L.jpg", "action_flag": 1, "change_message": "[{\"added\": {}}]"}}, {"model": "admin.logentry", "pk": 150, "fields": {"action_time": "2024-05-17T06:52:36.569Z", "user": 3, "content_type": 13, "object_id": "11", "object_repr": "1+1", "action_flag": 1, "change_message": "[{\"added\": {}}]"}}, {"model": "admin.logentry", "pk": 151, "fields": {"action_time": "2024-05-17T06:52:46.233Z", "user": 3, "content_type": 14, "object_id": "24", "object_repr": "1+1 image app_products/products/1+1/11.jpg", "action_flag": 1, "change_message": "[{\"added\": {}}]"}}, {"model": "admin.logentry", "pk": 152, "fields": {"action_time": "2024-05-17T06:53:18.277Z", "user": 3, "content_type": 14, "object_id": "25", "object_repr": "1+1 image app_products/products/1+1/intouchables.jpg", "action_flag": 1, "change_message": "[{\"added\": {}}]"}}, {"model": "admin.logentry", "pk": 153, "fields": {"action_time": "2024-05-17T06:55:21.172Z", "user": 3, "content_type": 9, "object_id": "13", "object_repr": "трэш", "action_flag": 1, "change_message": "[{\"added\": {}}]"}}, {"model": "admin.logentry", "pk": 154, "fields": {"action_time": "2024-05-17T06:55:36.162Z", "user": 3, "content_type": 13, "object_id": "12", "object_repr": "В финале Джон умрёт", "action_flag": 1, "change_message": "[{\"added\": {}}]"}}, {"model": "admin.logentry", "pk": 155, "fields": {"action_time": "2024-05-17T06:56:12.918Z", "user": 3, "content_type": 14, "object_id": "26", "object_repr": "В финале Джон умрёт image app_products/products/В финале Джон умрёт/v.jpg", "action_flag": 1, "change_message": "[{\"added\": {}}]"}}, {"model": "admin.logentry", "pk": 156, "fields": {"action_time": "2024-05-17T06:56:25.628Z", "user": 3, "content_type": 14, "object_id": "27", "object_repr": "В финале Джон умрёт image app_products/products/В финале Джон умрёт/w1500_613039.jpg", "action_flag": 1, "change_message": "[{\"added\": {}}]"}}, {"model": "admin.logentry", "pk": 157, "fields": {"action_time": "2024-05-17T06:57:55.736Z", "user": 3, "content_type": 13, "object_id": "13", "object_repr": "Хатико: самый верный друг", "action_flag": 1, "change_message": "[{\"added\": {}}]"}}, {"model": "admin.logentry", "pk": 158, "fields": {"action_time": "2024-05-17T06:58:56.967Z", "user": 3, "content_type": 14, "object_id": "28", "object_repr": "Хатико: самый верный друг image app_products/products/Хатико самый верный друг/хатико.webp", "action_flag": 1, "change_message": "[{\"added\": {}}]"}}, {"model": "admin.logentry", "pk": 159, "fields": {"action_time": "2024-05-17T06:59:11.302Z", "user": 3, "content_type": 14, "object_id": "29", "object_repr": "Хатико: самый верный друг image app_products/products/Хатико самый верный друг/scale_1200_1.jpg", "action_flag": 1, "change_message": "[{\"added\": {}}]"}}, {"model": "admin.logentry", "pk": 160, "fields": {"action_time": "2024-05-17T07:00:55.525Z", "user": 3, "content_type": 13, "object_id": "14", "object_repr": "Титаник", "action_flag": 1, "change_message": "[{\"added\": {}}]"}}, {"model": "admin.logentry", "pk": 161, "fields": {"action_time": "2024-05-17T07:01:08.299Z", "user": 3, "content_type": 14, "object_id": "30", "object_repr": "Титаник image app_products/products/Титаник/titanic.jpg", "action_flag": 1, "change_message": "[{\"added\": {}}]"}}, {"model": "admin.logentry", "pk": 162, "fields": {"action_time": "2024-05-17T07:01:24.075Z", "user": 3, "content_type": 14, "object_id": "31", "object_repr": "Титаник image app_products/products/Титаник/755103099415216.jpg", "action_flag": 1, "change_message": "[{\"added\": {}}]"}}, {"model": "admin.logentry", "pk": 163, "fields": {"action_time": "2024-05-17T07:01:43.124Z", "user": 3, "content_type": 13, "object_id": "13", "object_repr": "Хатико: самый верный друг", "action_flag": 2, "change_message": "[{\"changed\": {\"fields\": [\"Price\"]}}]"}}, {"model": "admin.logentry", "pk": 164, "fields": {"action_time": "2024-05-17T07:01:49.383Z", "user": 3, "content_type": 13, "object_id": "12", "object_repr": "В финале Джон умрёт", "action_flag": 2, "change_message": "[{\"changed\": {\"fields\": [\"Price\"]}}]"}}, {"model": "admin.logentry", "pk": 165, "fields": {"action_time": "2024-05-17T07:01:58.156Z", "user": 3, "content_type": 13, "object_id": "11", "object_repr": "1+1", "action_flag": 2, "change_message": "[{\"changed\": {\"fields\": [\"Price\"]}}]"}}, {"model": "admin.logentry", "pk": 166, "fields": {"action_time": "2024-05-17T07:02:13.305Z", "user": 3, "content_type": 13, "object_id": "10", "object_repr": "Властелин колец: Возвращение короля", "action_flag": 2, "change_message": "[{\"changed\": {\"fields\": [\"Price\"]}}]"}}, {"model": "admin.logentry", "pk": 167, "fields": {"action_time": "2024-05-17T07:02:19.690Z", "user": 3, "content_type": 13, "object_id": "9", "object_repr": "Властелин колец: Две крепости", "action_flag": 2, "change_message": "[{\"changed\": {\"fields\": [\"Price\"]}}]"}}, {"model": "admin.logentry", "pk": 168, "fields": {"action_time": "2024-05-17T07:02:44.964Z", "user": 3, "content_type": 13, "object_id": "14", "object_repr": "Титаник", "action_flag": 3, "change_message": ""}}, {"model": "admin.logentry", "pk": 169, "fields": {"action_time": "2024-05-17T07:03:08.035Z", "user": 3, "content_type": 13, "object_id": "8", "object_repr": "Титаник", "action_flag": 2, "change_message": "[{\"changed\": {\"fields\": [\"Price\", \"Free delivery\", \"Tags\"]}}]"}}, {"model": "admin.logentry", "pk": 170, "fields": {"action_time": "2024-05-17T07:03:15.097Z", "user": 3, "content_type": 13, "object_id": "7", "object_repr": "28 панфиловцев", "action_flag": 2, "change_message": "[{\"changed\": {\"fields\": [\"Price\"]}}]"}}, {"model": "admin.logentry", "pk": 171, "fields": {"action_time": "2024-05-17T07:03:21.531Z", "user": 3, "content_type": 13, "object_id": "6", "object_repr": "Непрощенный", "action_flag": 2, "change_message": "[{\"changed\": {\"fields\": [\"Price\"]}}]"}}, {"model": "admin.logentry", "pk": 172, "fields": {"action_time": "2024-05-17T07:03:27.286Z", "user": 3, "content_type": 13, "object_id": "5", "object_repr": "Бобро Поржаловать", "action_flag": 2, "change_message": "[{\"changed\": {\"fields\": [\"Price\"]}}]"}}, {"model": "admin.logentry", "pk": 173, "fields": {"action_time": "2024-05-17T07:03:35.671Z", "user": 3, "content_type": 13, "object_id": "4", "object_repr": "Властелин колец: Братство Кольца", "action_flag": 2, "change_message": "[{\"changed\": {\"fields\": [\"Price\"]}}]"}}, {"model": "admin.logentry", "pk": 174, "fields": {"action_time": "2024-05-17T07:03:42.066Z", "user": 3, "content_type": 13, "object_id": "3", "object_repr": "Брат", "action_flag": 2, "change_message": "[{\"changed\": {\"fields\": [\"Price\"]}}]"}}, {"model": "admin.logentry", "pk": 175, "fields": {"action_time": "2024-05-17T07:04:02.532Z", "user": 3, "content_type": 16, "object_id": "3", "object_repr": "Непрощенный всего за 9,9!!!", "action_flag": 2, "change_message": "[{\"changed\": {\"fields\": [\"Sale price\", \"Title\"]}}]"}}, {"model": "admin.logentry", "pk": 176, "fields": {"action_time": "2024-05-17T07:04:42.201Z", "user": 3, "content_type": 16, "object_id": "4", "object_repr": "Джон умрёт всего за 8,8!!!!", "action_flag": 1, "change_message": "[{\"added\": {}}]"}}, {"model": "admin.logentry", "pk": 177, "fields": {"action_time": "2024-05-17T07:06:40.396Z", "user": 3, "content_type": 13, "object_id": "15", "object_repr": "Реинкарнация", "action_flag": 1, "change_message": "[{\"added\": {}}]"}}, {"model": "admin.logentry", "pk": 178, "fields": {"action_time": "2024-05-17T07:06:56.180Z", "user": 3, "content_type": 14, "object_id": "32", "object_repr": "Реинкарнация image app_products/products/Реинкарнация/hereditary.jpg", "action_flag": 1, "change_message": "[{\"added\": {}}]"}}, {"model": "admin.logentry", "pk": 179, "fields": {"action_time": "2024-05-17T07:19:18.179Z", "user": 3, "content_type": 14, "object_id": "33", "object_repr": "Бобро Поржаловать image app_products/products/Бобро Поржаловать/bobro.jpg", "action_flag": 1, "change_message": "[{\"added\": {}}]"}}, {"model": "admin.logentry", "pk": 180, "fields": {"action_time": "2024-05-17T07:19:28.374Z", "user": 3, "content_type": 14, "object_id": "34", "object_repr": "Бобро Поржаловать image app_products/products/Бобро Поржаловать/2024-05-17_06-26-39.png", "action_flag": 1, "change_message": "[{\"added\": {}}]"}}, {"model": "admin.logentry", "pk": 181, "fields": {"action_time": "2024-05-17T07:19:42.045Z", "user": 3, "content_type": 14, "object_id": "35", "object_repr": "В финале Джон умрёт image app_products/products/В финале Джон умрёт/vfinale.webp", "action_flag": 1, "change_message": "[{\"added\": {}}]"}}, {"model": "admin.logentry", "pk": 182, "fields": {"action_time": "2024-05-29T08:31:38.732Z", "user": 3, "content_type": 15, "object_id": "16", "object_repr": "Review by admin about Властелин колец: Братство Кольца", "action_flag": 3, "change_message": ""}}, {"model": "admin.logentry", "pk": 183, "fields": {"action_time": "2024-05-29T08:31:38.735Z", "user": 3, "content_type": 15, "object_id": "15", "object_repr": "Review by admin about Властелин колец: Братство Кольца", "action_flag": 3, "change_message": ""}}, {"model": "admin.logentry", "pk": 184, "fields": {"action_time": "2024-05-29T08:31:38.739Z", "user": 3, "content_type": 15, "object_id": "14", "object_repr": "Review by admin about Властелин колец: Братство Кольца", "action_flag": 3, "change_message": ""}}, {"model": "admin.logentry", "pk": 185, "fields": {"action_time": "2024-05-29T08:31:38.742Z", "user": 3, "content_type": 15, "object_id": "13", "object_repr": "Review by admin about Властелин колец: Братство Кольца", "action_flag": 3, "change_message": ""}}, {"model": "admin.logentry", "pk": 186, "fields": {"action_time": "2024-05-29T08:31:38.745Z", "user": 3, "content_type": 15, "object_id": "12", "object_repr": "Review by admin about Властелин колец: Братство Кольца", "action_flag": 3, "change_message": ""}}, {"model": "admin.logentry", "pk": 187, "fields": {"action_time": "2024-05-29T09:15:52.054Z", "user": 3, "content_type": 15, "object_id": "34", "object_repr": "Review by admin about Бобро Поржаловать", "action_flag": 3, "change_message": ""}}, {"model": "admin.logentry", "pk": 188, "fields": {"action_time": "2024-05-29T09:15:52.057Z", "user": 3, "content_type": 15, "object_id": "33", "object_repr": "Review by admin about Бобро Поржаловать", "action_flag": 3, "change_message": ""}}, {"model": "admin.logentry", "pk": 189, "fields": {"action_time": "2024-05-29T09:15:52.060Z", "user": 3, "content_type": 15, "object_id": "32", "object_repr": "Review by admin about Бобро Поржаловать", "action_flag": 3, "change_message": ""}}, {"model": "admin.logentry", "pk": 190, "fields": {"action_time": "2024-05-29T09:15:52.062Z", "user": 3, "content_type": 15, "object_id": "31", "object_repr": "Review by admin about Бобро Поржаловать", "action_flag": 3, "change_message": ""}}, {"model": "admin.logentry", "pk": 191, "fields": {"action_time": "2024-05-29T09:15:52.065Z", "user": 3, "content_type": 15, "object_id": "30", "object_repr": "Review by admin about Бобро Поржаловать", "action_flag": 3, "change_message": ""}}, {"model": "admin.logentry", "pk": 192, "fields": {"action_time": "2024-05-29T09:15:52.068Z", "user": 3, "content_type": 15, "object_id": "29", "object_repr": "Review by admin about Бобро Поржаловать", "action_flag": 3, "change_message": ""}}, {"model": "admin.logentry", "pk": 193, "fields": {"action_time": "2024-05-29T09:15:52.070Z", "user": 3, "content_type": 15, "object_id": "28", "object_repr": "Review by admin about Бобро Поржаловать", "action_flag": 3, "change_message": ""}}, {"model": "admin.logentry", "pk": 194, "fields": {"action_time": "2024-05-29T09:15:52.074Z", "user": 3, "content_type": 15, "object_id": "27", "object_repr": "Review by admin about Бобро Поржаловать", "action_flag": 3, "change_message": ""}}, {"model": "admin.logentry", "pk": 195, "fields": {"action_time": "2024-05-29T09:15:52.076Z", "user": 3, "content_type": 15, "object_id": "26", "object_repr": "Review by admin about Бобро Поржаловать", "action_flag": 3, "change_message": ""}}, {"model": "admin.logentry", "pk": 196, "fields": {"action_time": "2024-05-29T09:15:52.079Z", "user": 3, "content_type": 15, "object_id": "25", "object_repr": "Review by admin about Бобро Поржаловать", "action_flag": 3, "change_message": ""}}, {"model": "admin.logentry", "pk": 197, "fields": {"action_time": "2024-05-29T09:15:52.082Z", "user": 3, "content_type": 15, "object_id": "24", "object_repr": "Review by admin about Бобро Поржаловать", "action_flag": 3, "change_message": ""}}, {"model": "admin.logentry", "pk": 198, "fields": {"action_time": "2024-05-29T09:15:52.084Z", "user": 3, "content_type": 15, "object_id": "23", "object_repr": "Review by admin about Бобро Поржаловать", "action_flag": 3, "change_message": ""}}, {"model": "admin.logentry", "pk": 199, "fields": {"action_time": "2024-05-29T09:15:52.087Z", "user": 3, "content_type": 15, "object_id": "22", "object_repr": "Review by admin about Бобро Поржаловать", "action_flag": 3, "change_message": ""}}, {"model": "admin.logentry", "pk": 200, "fields": {"action_time": "2024-05-29T09:15:52.090Z", "user": 3, "content_type": 15, "object_id": "21", "object_repr": "Review by admin about Бобро Поржаловать", "action_flag": 3, "change_message": ""}}, {"model": "admin.logentry", "pk": 201, "fields": {"action_time": "2024-05-29T09:15:52.092Z", "user": 3, "content_type": 15, "object_id": "20", "object_repr": "Review by admin about Бобро Поржаловать", "action_flag": 3, "change_message": ""}}, {"model": "admin.logentry", "pk": 202, "fields": {"action_time": "2024-05-29T09:15:52.095Z", "user": 3, "content_type": 15, "object_id": "19", "object_repr": "Review by admin about Бобро Поржаловать", "action_flag": 3, "change_message": ""}}, {"model": "admin.logentry", "pk": 203, "fields": {"action_time": "2024-05-29T09:15:52.098Z", "user": 3, "content_type": 15, "object_id": "18", "object_repr": "Review by admin about Бобро Поржаловать", "action_flag": 3, "change_message": ""}}, {"model": "admin.logentry", "pk": 204, "fields": {"action_time": "2024-05-29T09:15:52.100Z", "user": 3, "content_type": 15, "object_id": "17", "object_repr": "Review by admin about Бобро Поржаловать", "action_flag": 3, "change_message": ""}}, {"model": "admin.logentry", "pk": 205, "fields": {"action_time": "2024-05-30T10:34:09.370Z", "user": 3, "content_type": 15, "object_id": "47", "object_repr": "Review by admin about Властелин колец: Братство Кольца", "action_flag": 3, "change_message": ""}}, {"model": "admin.logentry", "pk": 206, "fields": {"action_time": "2024-05-30T10:34:09.374Z", "user": 3, "content_type": 15, "object_id": "46", "object_repr": "Review by admin about Властелин колец: Братство Кольца", "action_flag": 3, "change_message": ""}}, {"model": "admin.logentry", "pk": 207, "fields": {"action_time": "2024-05-30T10:34:09.378Z", "user": 3, "content_type": 15, "object_id": "45", "object_repr": "Review by admin about Властелин колец: Братство Кольца", "action_flag": 3, "change_message": ""}}, {"model": "admin.logentry", "pk": 208, "fields": {"action_time": "2024-05-30T10:34:09.380Z", "user": 3, "content_type": 15, "object_id": "44", "object_repr": "Review by admin about Властелин колец: Братство Кольца", "action_flag": 3, "change_message": ""}}, {"model": "admin.logentry", "pk": 209, "fields": {"action_time": "2024-05-30T10:34:09.384Z", "user": 3, "content_type": 15, "object_id": "43", "object_repr": "Review by admin about Властелин колец: Братство Кольца", "action_flag": 3, "change_message": ""}}, {"model": "admin.logentry", "pk": 210, "fields": {"action_time": "2024-05-30T10:34:09.387Z", "user": 3, "content_type": 15, "object_id": "42", "object_repr": "Review by admin about Властелин колец: Братство Кольца", "action_flag": 3, "change_message": ""}}, {"model": "admin.logentry", "pk": 211, "fields": {"action_time": "2024-05-30T10:34:09.390Z", "user": 3, "content_type": 15, "object_id": "41", "object_repr": "Review by admin about Властелин колец: Братство Кольца", "action_flag": 3, "change_message": ""}}, {"model": "admin.logentry", "pk": 212, "fields": {"action_time": "2024-05-30T10:34:09.392Z", "user": 3, "content_type": 15, "object_id": "40", "object_repr": "Review by admin about Властелин колец: Братство Кольца", "action_flag": 3, "change_message": ""}}, {"model": "admin.logentry", "pk": 213, "fields": {"action_time": "2024-05-30T10:34:09.395Z", "user": 3, "content_type": 15, "object_id": "39", "object_repr": "Review by admin about Властелин колец: Братство Кольца", "action_flag": 3, "change_message": ""}}, {"model": "admin.logentry", "pk": 214, "fields": {"action_time": "2024-05-30T10:34:09.398Z", "user": 3, "content_type": 15, "object_id": "38", "object_repr": "Review by admin about Властелин колец: Братство Кольца", "action_flag": 3, "change_message": ""}}, {"model": "admin.logentry", "pk": 215, "fields": {"action_time": "2024-05-30T10:34:09.400Z", "user": 3, "content_type": 15, "object_id": "37", "object_repr": "Review by admin about Бобро Поржаловать", "action_flag": 3, "change_message": ""}}, {"model": "admin.logentry", "pk": 216, "fields": {"action_time": "2024-05-30T10:34:09.403Z", "user": 3, "content_type": 15, "object_id": "36", "object_repr": "Review by admin about Властелин колец: Братство Кольца", "action_flag": 3, "change_message": ""}}, {"model": "admin.logentry", "pk": 217, "fields": {"action_time": "2024-05-30T10:34:09.406Z", "user": 3, "content_type": 15, "object_id": "35", "object_repr": "Review by admin about Властелин колец: Братство Кольца", "action_flag": 3, "change_message": ""}}, {"model": "admin.logentry", "pk": 218, "fields": {"action_time": "2024-06-09T05:54:44.523Z", "user": 3, "content_type": 15, "object_id": "49", "object_repr": "Review by admin about Властелин колец: Братство Кольца", "action_flag": 3, "change_message": ""}}, {"model": "admin.logentry", "pk": 219, "fields": {"action_time": "2024-06-09T05:54:44.526Z", "user": 3, "content_type": 15, "object_id": "48", "object_repr": "Review by admin about Властелин колец: Братство Кольца", "action_flag": 3, "change_message": ""}}, {"model": "auth.permission", "pk": 1, "fields": {"name": "Can add log entry", "content_type": 1, "codename": "add_logentry"}}, {"model": "auth.permission", "pk": 2, "fields": {"name": "Can change log entry", "content_type": 1, "codename": "change_logentry"}}, {"model": "auth.permission", "pk": 3, "fields": {"name": "Can delete log entry", "content_type": 1, "codename": "delete_logentry"}}, {"model": "auth.permission", "pk": 4, "fields": {"name": "Can view log entry", "content_type": 1, "codename": "view_logentry"}}, {"model": "auth.permission", "pk": 5, "fields": {"name": "Can add permission", "content_type": 2, "codename": "add_permission"}}, {"model": "auth.permission", "pk": 6, "fields": {"name": "Can change permission", "content_type": 2, "codename": "change_permission"}}, {"model": "auth.permission", "pk": 7, "fields": {"name": "Can delete permission", "content_type": 2, "codename": "delete_permission"}}, {"model": "auth.permission", "pk": 8, "fields": {"name": "Can view permission", "content_type": 2, "codename": "view_permission"}}, {"model": "auth.permission", "pk": 9, "fields": {"name": "Can add group", "content_type": 3, "codename": "add_group"}}, {"model": "auth.permission", "pk": 10, "fields": {"name": "Can change group", "content_type": 3, "codename": "change_group"}}, {"model": "auth.permission", "pk": 11, "fields": {"name": "Can delete group", "content_type": 3, "codename": "delete_group"}}, {"model": "auth.permission", "pk": 12, "fields": {"name": "Can view group", "content_type": 3, "codename": "view_group"}}, {"model": "auth.permission", "pk": 13, "fields": {"name": "Can add user", "content_type": 4, "codename": "add_user"}}, {"model": "auth.permission", "pk": 14, "fields": {"name": "Can change user", "content_type": 4, "codename": "change_user"}}, {"model": "auth.permission", "pk": 15, "fields": {"name": "Can delete user", "content_type": 4, "codename": "delete_user"}}, {"model": "auth.permission", "pk": 16, "fields": {"name": "Can view user", "content_type": 4, "codename": "view_user"}}, {"model": "auth.permission", "pk": 17, "fields": {"name": "Can add content type", "content_type": 5, "codename": "add_contenttype"}}, {"model": "auth.permission", "pk": 18, "fields": {"name": "Can change content type", "content_type": 5, "codename": "change_contenttype"}}, {"model": "auth.permission", "pk": 19, "fields": {"name": "Can delete content type", "content_type": 5, "codename": "delete_contenttype"}}, {"model": "auth.permission", "pk": 20, "fields": {"name": "Can view content type", "content_type": 5, "codename": "view_contenttype"}}, {"model": "auth.permission", "pk": 21, "fields": {"name": "Can add session", "content_type": 6, "codename": "add_session"}}, {"model": "auth.permission", "pk": 22, "fields": {"name": "Can change session", "content_type": 6, "codename": "change_session"}}, {"model": "auth.permission", "pk": 23, "fields": {"name": "Can delete session", "content_type": 6, "codename": "delete_session"}}, {"model": "auth.permission", "pk": 24, "fields": {"name": "Can view session", "content_type": 6, "codename": "view_session"}}, {"model": "auth.permission", "pk": 25, "fields": {"name": "Can add Avatar", "content_type": 7, "codename": "add_avatar"}}, {"model": "auth.permission", "pk": 26, "fields": {"name": "Can change Avatar", "content_type": 7, "codename": "change_avatar"}}, {"model": "auth.permission", "pk": 27, "fields": {"name": "Can delete Avatar", "content_type": 7, "codename": "delete_avatar"}}, {"model": "auth.permission", "pk": 28, "fields": {"name": "Can view Avatar", "content_type": 7, "codename": "view_avatar"}}, {"model": "auth.permission", "pk": 29, "fields": {"name": "Can add Profile", "content_type": 8, "codename": "add_profile"}}, {"model": "auth.permission", "pk": 30, "fields": {"name": "Can change Profile", "content_type": 8, "codename": "change_profile"}}, {"model": "auth.permission", "pk": 31, "fields": {"name": "Can delete Profile", "content_type": 8, "codename": "delete_profile"}}, {"model": "auth.permission", "pk": 32, "fields": {"name": "Can view Profile", "content_type": 8, "codename": "view_profile"}}, {"model": "auth.permission", "pk": 33, "fields": {"name": "Can add Tag", "content_type": 9, "codename": "add_tag"}}, {"model": "auth.permission", "pk": 34, "fields": {"name": "Can change Tag", "content_type": 9, "codename": "change_tag"}}, {"model": "auth.permission", "pk": 35, "fields": {"name": "Can delete Tag", "content_type": 9, "codename": "delete_tag"}}, {"model": "auth.permission", "pk": 36, "fields": {"name": "Can view Tag", "content_type": 9, "codename": "view_tag"}}, {"model": "auth.permission", "pk": 37, "fields": {"name": "Can add Category", "content_type": 10, "codename": "add_category"}}, {"model": "auth.permission", "pk": 38, "fields": {"name": "Can change Category", "content_type": 10, "codename": "change_category"}}, {"model": "auth.permission", "pk": 39, "fields": {"name": "Can delete Category", "content_type": 10, "codename": "delete_category"}}, {"model": "auth.permission", "pk": 40, "fields": {"name": "Can view Category", "content_type": 10, "codename": "view_category"}}, {"model": "auth.permission", "pk": 41, "fields": {"name": "Can add Category image", "content_type": 11, "codename": "add_categoryimage"}}, {"model": "auth.permission", "pk": 42, "fields": {"name": "Can change Category image", "content_type": 11, "codename": "change_categoryimage"}}, {"model": "auth.permission", "pk": 43, "fields": {"name": "Can delete Category image", "content_type": 11, "codename": "delete_categoryimage"}}, {"model": "auth.permission", "pk": 44, "fields": {"name": "Can view Category image", "content_type": 11, "codename": "view_categoryimage"}}, {"model": "auth.permission", "pk": 45, "fields": {"name": "Can add Specification", "content_type": 12, "codename": "add_specification"}}, {"model": "auth.permission", "pk": 46, "fields": {"name": "Can change Specification", "content_type": 12, "codename": "change_specification"}}, {"model": "auth.permission", "pk": 47, "fields": {"name": "Can delete Specification", "content_type": 12, "codename": "delete_specification"}}, {"model": "auth.permission", "pk": 48, "fields": {"name": "Can view Specification", "content_type": 12, "codename": "view_specification"}}, {"model": "auth.permission", "pk": 49, "fields": {"name": "Can add Product", "content_type": 13, "codename": "add_product"}}, {"model": "auth.permission", "pk": 50, "fields": {"name": "Can change Product", "content_type": 13, "codename": "change_product"}}, {"model": "auth.permission", "pk": 51, "fields": {"name": "Can delete Product", "content_type": 13, "codename": "delete_product"}}, {"model": "auth.permission", "pk": 52, "fields": {"name": "Can view Product", "content_type": 13, "codename": "view_product"}}, {"model": "auth.permission", "pk": 53, "fields": {"name": "Can add Product image", "content_type": 14, "codename": "add_productimage"}}, {"model": "auth.permission", "pk": 54, "fields": {"name": "Can change Product image", "content_type": 14, "codename": "change_productimage"}}, {"model": "auth.permission", "pk": 55, "fields": {"name": "Can delete Product image", "content_type": 14, "codename": "delete_productimage"}}, {"model": "auth.permission", "pk": 56, "fields": {"name": "Can view Product image", "content_type": 14, "codename": "view_productimage"}}, {"model": "auth.permission", "pk": 57, "fields": {"name": "Can add Review", "content_type": 15, "codename": "add_review"}}, {"model": "auth.permission", "pk": 58, "fields": {"name": "Can change Review", "content_type": 15, "codename": "change_review"}}, {"model": "auth.permission", "pk": 59, "fields": {"name": "Can delete Review", "content_type": 15, "codename": "delete_review"}}, {"model": "auth.permission", "pk": 60, "fields": {"name": "Can view Review", "content_type": 15, "codename": "view_review"}}, {"model": "auth.permission", "pk": 61, "fields": {"name": "Can add Sale", "content_type": 16, "codename": "add_sale"}}, {"model": "auth.permission", "pk": 62, "fields": {"name": "Can change Sale", "content_type": 16, "codename": "change_sale"}}, {"model": "auth.permission", "pk": 63, "fields": {"name": "Can delete Sale", "content_type": 16, "codename": "delete_sale"}}, {"model": "auth.permission", "pk": 64, "fields": {"name": "Can view Sale", "content_type": 16, "codename": "view_sale"}}, {"model": "auth.permission", "pk": 65, "fields": {"name": "Can add Order", "content_type": 17, "codename": "add_order"}}, {"model": "auth.permission", "pk": 66, "fields": {"name": "Can change Order", "content_type": 17, "codename": "change_order"}}, {"model": "auth.permission", "pk": 67, "fields": {"name": "Can delete Order", "content_type": 17, "codename": "delete_order"}}, {"model": "auth.permission", "pk": 68, "fields": {"name": "Can view Order", "content_type": 17, "codename": "view_order"}}, {"model": "auth.permission", "pk": 69, "fields": {"name": "Can add order products", "content_type": 18, "codename": "add_orderproducts"}}, {"model": "auth.permission", "pk": 70, "fields": {"name": "Can change order products", "content_type": 18, "codename": "change_orderproducts"}}, {"model": "auth.permission", "pk": 71, "fields": {"name": "Can delete order products", "content_type": 18, "codename": "delete_orderproducts"}}, {"model": "auth.permission", "pk": 72, "fields": {"name": "Can view order products", "content_type": 18, "codename": "view_orderproducts"}}, {"model": "auth.user", "pk": 1, "fields": {"password": "pbkdf2_sha256$600000$2Z5Nn2CR71TFmffx4RRG93$FnRnUCAuwTwA/7DynOOnGRhTKY5mQzgSPfskNGB1RhM=", "last_login": "2024-05-10T13:04:34.293Z", "is_superuser": false, "username": "1user", "first_name": "", "last_name": "", "email": "", "is_staff": false, "is_active": true, "date_joined": "2024-05-01T21:30:47.928Z", "groups": [], "user_permissions": []}}, {"model": "auth.user", "pk": 2, "fields": {"password": "pbkdf2_sha256$600000$s6kxSB2kvpOmSQwJ01Fy4q$LXF8e55FHKWjaxbPI4shTQydh+byXnNBeKoyDtcikp4=", "last_login": "2024-06-07T12:03:55.967Z", "is_superuser": false, "username": "Tahir", "first_name": "", "last_name": "", "email": "", "is_staff": false, "is_active": true, "date_joined": "2024-05-01T21:40:55.778Z", "groups": [], "user_permissions": []}}, {"model": "auth.user", "pk": 3, "fields": {"password": "pbkdf2_sha256$600000$JkTQJJnGNVoouqEBUwDGVV$uvxoJam/+LW+R1MJNd/IlTT4Mpm7qHUVZgMonKMhEeE=", "last_login": "2024-06-09T05:54:33.371Z", "is_superuser": true, "username": "admin", "first_name": "", "last_name": "", "email": "", "is_staff": true, "is_active": true, "date_joined": "2024-05-10T13:41:22.271Z", "groups": [], "user_permissions": []}}, {"model": "auth.user", "pk": 4, "fields": {"password": "pbkdf2_sha256$600000$4PEdZnQg3qXyBCvuBgm6zr$SZPptwjLvbyP4KegdMAYqRK81EvDBe7SYLYm6IeHJRs=", "last_login": "2024-05-29T09:16:08.560Z", "is_superuser": false, "username": "Ksuwa", "first_name": "", "last_name": "", "email": "", "is_staff": false, "is_active": true, "date_joined": "2024-05-13T12:23:37.655Z", "groups": [], "user_permissions": []}}, {"model": "auth.user", "pk": 5, "fields": {"password": "pbkdf2_sha256$600000$gwfizdRa2ZplIaXdaTrUhY$b5bu2i1eb8tORu50dW3YI5MM/WYAWUroL/8bRF9OYYM=", "last_login": "2024-05-17T02:15:07.745Z", "is_superuser": false, "username": "Тахир", "first_name": "", "last_name": "", "email": "", "is_staff": false, "is_active": true, "date_joined": "2024-05-17T02:15:07.241Z", "groups": [], "user_permissions": []}}, {"model": "auth.user", "pk": 6, "fields": {"password": "pbkdf2_sha256$600000$EJ0G9TfBcJmxvBHjcValeR$1W6nfSZbZ516x+KNCb/ALZ0YhAz1bjSM7UPY9/DtKgk=", "last_login": "2024-05-17T02:16:18.538Z", "is_superuser": false, "username": "Ксюша", "first_name": "", "last_name": "", "email": "", "is_staff": false, "is_active": true, "date_joined": "2024-05-17T02:16:18.041Z", "groups": [], "user_permissions": []}}, {"model": "auth.user", "pk": 7, "fields": {"password": "pbkdf2_sha256$600000$lmXPbxmyL8fQ3O8cnKv5FF$h3WM9L4Pa29uNKaHsUY57n19tQcW7c6XKa+HoTGvQVQ=", "last_login": "2024-06-09T05:43:08.972Z", "is_superuser": false, "username": "artem", "first_name": "", "last_name": "", "email": "", "is_staff": false, "is_active": true, "date_joined": "2024-06-07T11:20:18.680Z", "groups": [], "user_permissions": []}}, {"model": "auth.user", "pk": 8, "fields": {"password": "pbkdf2_sha256$600000$ygpzjVLDdQVs3VA2oiqw6n$Z4mXtOscgX+rs+HusTTFXzyHjaNCgTVWaIQO12NqmiY=", "last_login": "2024-06-08T17:53:28.257Z", "is_superuser": false, "username": "user1", "first_name": "", "last_name": "", "email": "", "is_staff": false, "is_active": true, "date_joined": "2024-06-08T17:53:27.762Z", "groups": [], "user_permissions": []}}, {"model": "auth.user", "pk": 9, "fields": {"password": "pbkdf2_sha256$600000$4aws98ljr8BSCYiONgfPYn$7INTcezzTVtui5OHCpSVu/lS0OIODYABpi+INttNHm4=", "last_login": "2024-06-09T05:55:00.314Z", "is_superuser": false, "username": "Ivan1989", "first_name": "", "last_name": "", "email": "", "is_staff": false, "is_active": true, "date_joined": "2024-06-09T05:44:03.524Z", "groups": [], "user_permissions": []}}, {"model": "contenttypes.contenttype", "pk": 1, "fields": {"app_label": "admin", "model": "logentry"}}, {"model": "contenttypes.contenttype", "pk": 2, "fields": {"app_label": "auth", "model": "permission"}}, {"model": "contenttypes.contenttype", "pk": 3, "fields": {"app_label": "auth", "model": "group"}}, {"model": "contenttypes.contenttype", "pk": 4, "fields": {"app_label": "auth", "model": "user"}}, {"model": "contenttypes.contenttype", "pk": 5, "fields": {"app_label": "contenttypes", "model": "contenttype"}}, {"model": "contenttypes.contenttype", "pk": 6, "fields": {"app_label": "sessions", "model": "session"}}, {"model": "contenttypes.contenttype", "pk": 7, "fields": {"app_label": "profiles", "model": "avatar"}}, {"model": "contenttypes.contenttype", "pk": 8, "fields": {"app_label": "profiles", "model": "profile"}}, {"model": "contenttypes.contenttype", "pk": 9, "fields": {"app_label": "products", "model": "tag"}}, {"model": "contenttypes.contenttype", "pk": 10, "fields": {"app_label": "products", "model": "category"}}, {"model": "contenttypes.contenttype", "pk": 11, "fields": {"app_label": "products", "model": "categoryimage"}}, {"model": "contenttypes.contenttype", "pk": 12, "fields": {"app_label": "products", "model": "specification"}}, {"model": "contenttypes.contenttype", "pk": 13, "fields": {"app_label": "products", "model": "product"}}, {"model": "contenttypes.contenttype", "pk": 14, "fields": {"app_label": "products", "model": "productimage"}}, {"model": "contenttypes.contenttype", "pk": 15, "fields": {"app_label": "products", "model": "review"}}, {"model": "contenttypes.contenttype", "pk": 16, "fields": {"app_label": "products", "model": "sale"}}, {"model": "contenttypes.contenttype", "pk": 17, "fields": {"app_label": "orders", "model": "order"}}, {"model": "contenttypes.contenttype", "pk": 18, "fields": {"app_label": "orders", "model": "orderproducts"}}, {"model": "sessions.session", "pk": "0q8qa949zswhsz4raia5po47yk296gwc", "fields": {"session_data": ".eJxVjEEOgyAQRe8y64YgCjIuu-8ZDMxMi22jCeLKePeWxI3b_977O1DIBYb9uMEYtpLGbZU8TgwDtHDZYqCPzBXwO8yvRdEylzxFVRV10lU9Fpbv_XQvByms6V-TM2iiPHtxnTcRubeOGmc46hjYsvdGWHfaSovckNHIyJ7QYc1sC8cPMxo7Nw:1s7rgi:BY_DuVaC2BVNlIo6_x4pC03ySOZM979SwX16erJi9JQ", "expire_date": "2024-05-31T07:07:32.203Z"}}, {"model": "sessions.session", "pk": "1xhez5bplnmyk2i5t1c669git8yfv456", "fields": {"session_data": ".eJxVjLsOgzAUQ__lzigiQF4du_cb0H2khbZKqgAT4t8LEguLJfvYXoGxzHBbwRzCeUm70xX8ysgRbmCNamrYtgp6XOahX6ZY-lF2EuCSEfInpgPIG9MrK85pLiOpo6JOOqlHlvi9n93LwYDTsK_ZMrUxNk0t5K1hT23QT-tq9MYG9tqLMAm15Lzv0BG50JEEbRgFQwvbH-hERHM:1sGBud:AaaLn5_ScuVQcWkKk68kpc-OUP28o9Pqg-YHjKxp17Y", "expire_date": "2024-06-23T06:20:19.307Z"}}, {"model": "sessions.session", "pk": "2t0n682lwowxwcl89pr1rvwatizighjc", "fields": {"session_data": "eyJjYXJ0Ijp7fX0:1sGZlr:8LaO12wITKMnO1X7peB6UpaZMyupRd1wsP07WdJCCXQ", "expire_date": "2024-06-24T07:48:51.891Z"}}, {"model": "sessions.session", "pk": "30u49ndhigppuprxmxdaonp6qfhz5vnl", "fields": {"session_data": "eyJjYXJ0Ijp7fX0:1sCbtW:Yp_c_YbWiHwA9zK_1mK3ZLzovpoRGJkR1C6DvkwqHJ8", "expire_date": "2024-06-13T09:16:22.538Z"}}, {"model": "sessions.session", "pk": "43yxop3o05i1eymcw2nqxi7kk9ioou2o", "fields": {"session_data": ".eJxtzMEOgyAMBuB36dkQQEXqcfc9g4GWTbcFFtST8d2HiReTXZq03_93A3J5gX4DpY5JaY1lVRV880QBetBWSAl7Bea_o8DCxQe3LuOwziEPExeo4XLzjt4hHsAvF59JUIpLnrw4IuLUWdwTh8_tzF4ejG4eS5uMRu3Dowumsdojd60hZTR76R23bK0OLBvZhhpZkZbIyJbQ4FFra9h_pnVMYQ:1sE0cS:s92sFnK_SlzK6hMdQSKctXUOok5vXZ0ONNJGBpXbJjw", "expire_date": "2024-06-17T05:52:32.305Z"}}, {"model": "sessions.session", "pk": "4hnh5u9i8ryr8ufilzbw53w3lh34u2d9", "fields": {"session_data": "eyJjYXJ0Ijp7fX0:1sGXZD:izdrM48I6r9Oh1YsC9MKkEWwXQITulvOgprQBmHlo4U", "expire_date": "2024-06-24T05:27:39.648Z"}}, {"model": "sessions.session", "pk": "5gdnpj6u2bsjcd6wio4l92qpwofc82nw", "fields": {"session_data": ".eJxVjEEOgyAQRe8y64YgCjIuu-8ZDMxMi22jCeLKePeWxI3b_977O1DIBYb9uMEYtpLGbZU8TgwDtHDZYqCPzBXwO8yvRdEylzxFVRV10lU9Fpbv_XQvByms6V-TM2iiPHtxnTcRubeOGmc46hjYsvdGWHfaSovckNHIyJ7QYc1sC8cPMxo7Nw:1s7mxD:kcCfOuSGIrYLNWen3EkXkHzmm2PHL4ew_oybgQfwRtc", "expire_date": "2024-05-31T02:04:15.020Z"}}, {"model": "sessions.session", "pk": "6vdx2xsqeezac50022hpxgvvnknf1pr1", "fields": {"session_data": "eyJjYXJ0Ijp7IjE1Ijp7ImNvdW50IjoxLCJwcmljZSI6IjE5LjQwIn19fQ:1sETct:L6ZRJme-XKhF3FDIuHh6CWotd6XqRASB5Ha6DlP8tFU", "expire_date": "2024-06-18T12:50:55.072Z"}}, {"model": "sessions.session", "pk": "7ilf69udwgbuvour00swx2kyj7gnvsvx", "fields": {"session_data": "eyJjYXJ0Ijp7fX0:1sFGqP:CibkW3jqYcGKrmn853NsYcfXBVSh63CgtI82TOPfjco", "expire_date": "2024-06-20T17:24:09.934Z"}}, {"model": "sessions.session", "pk": "91qicea2urnvfhg97p0se9xkffouikdu", "fields": {"session_data": ".eJxVjEEOgyAURO_y1w0BQQWX3fcMBPhQbBtIAFfGuxcTN64mmfdmdnCmNFj24wHabC3qrfqiV4QFZrh11rivTyfAj0nvTFxOrayWnAq5aCWvjP73vNzbQTQ19rVCxsLMAx0cowGnsQeis1RIwybkiksqg2KUWjGKwakOfVChC0Jw5HD8ASeTOxE:1sGB1l:TQ_7XrAml6W0SzP7zAfH_2UttlzAmn58CUQJdqll3i0", "expire_date": "2024-06-23T05:23:37.048Z"}}, {"model": "sessions.session", "pk": "d3c5s9ugt6iwrh7ro58p1qmjlo6nxu6t", "fields": {"session_data": ".eJxVjMEOgyAQRP9lz4YACrI99t5vMLBLq20DDerJ-O-VxIuXSWbezGxAvixw28BWobymwynVwK9MFOEGKFDCvjcw-HUZh3WOZZj4AC1csuDpE1MF_PbplQXltJQpiFoRJ53FI3P83s_u5WD083isyWrUIT77aDunA3JvLCmrOcjg2bBzOrLspIktsiItkZEdocU6My3sf9itQ70:1sCf7z:NrajivbobzLyU-2ZZmnH63im_gMh2hJ073wt2Zt203U", "expire_date": "2024-06-13T12:43:31.535Z"}}, {"model": "sessions.session", "pk": "dl7rugo3c2qpfupu5l9kx9s66d292xu3", "fields": {"session_data": "eyJjYXJ0Ijp7fX0:1sGX4m:j-FVJbmsxWKvokHFq7328CDAFa8zPDHrd_DQbSCeATk", "expire_date": "2024-06-24T04:56:12.188Z"}}, {"model": "sessions.session", "pk": "dx1x7a9iejwpsu5gcdfmddbn6zssqlnx", "fields": {"session_data": ".eJyrVkpOLCpRsqpWMgERyfmleUCeoY5SQVFmcqqSlZKJsZ6FgVKtjpIZdnlLPUugdG0tABY-FRo:1sF4o8:AJb3ndpK4CdnqlO9GhCpTVPbg-qM69l1VG3ENJDnSPk", "expire_date": "2024-06-20T04:33:00.370Z"}}, {"model": "sessions.session", "pk": "f0j1q4mfhfj7n4ha6v6qhhv1r46u8c8f", "fields": {"session_data": "eyJjYXJ0Ijp7fX0:1s7q1I:gT6djbr5HAIXIBWvIoWu0Yqx27J8YIcmxswGgIQj2x4", "expire_date": "2024-05-31T05:20:40.560Z"}}, {"model": "sessions.session", "pk": "ff8p6rxiziwb2k07fcgspxkup1bndwcc", "fields": {"session_data": ".eJxVjsEOwiAQRP-FsyGUFsr26N1vaGB3laqBBNpT039Xkh70Om_eZHYx-22N81a5zAuJSfTi8psFjy9ODdDTp0eWmNNaliBbRZ60ylsmfl_P7t9A9DV-bbQadOD7yHZwOgCNxmJnNQUVPBlyTjOpQRnugTrUCgjIIVhommmv0JdVTPtxfAApzjs3:1s6Qxw:vx-wD4gAaEpiFdG3WhzKKoReQKzBGYRXSgsWzY1e6us", "expire_date": "2024-05-27T08:23:24.024Z"}}, {"model": "sessions.session", "pk": "g1on61s7nezkfds3bvkyxawuyimnk0g5", "fields": {"session_data": "eyJjYXJ0Ijp7fX0:1sERmN:KbOxGink77Obyg_NAf-QOWSc6C7OqcxX0URt5SRSRJg", "expire_date": "2024-06-18T10:52:35.065Z"}}, {"model": "sessions.session", "pk": "hv53q53ty8ev71m379olk6a8m70p5hd6", "fields": {"session_data": "eyJjYXJ0Ijp7fX0:1s7GR4:6hhia1VyBP7fJlpSdDeDY-3gsplGpUhdx1URsjnaZkM", "expire_date": "2024-05-29T15:20:54.125Z"}}, {"model": "sessions.session", "pk": "j9m5u4s8cxccec8i81m3xm0x7n2hpds4", "fields": {"session_data": "eyJjYXJ0Ijp7IjQiOnsiY291bnQiOjEsInByaWNlIjoiNDMuODAifX19:1sETBV:-2QjyXBEF2I34g-cPhj1EJebqeufRkkiE__-D1bofDg", "expire_date": "2024-06-18T12:22:37.996Z"}}, {"model": "sessions.session", "pk": "jholf05xej6urfmmbuykgpiamw42ll29", "fields": {"session_data": "eyJjYXJ0Ijp7fX0:1sEqAn:LpCzqhNaO2sSV6XDhC_WoVhGNMfui65xCTZ8VlSbuNc", "expire_date": "2024-06-19T12:55:25.740Z"}}, {"model": "sessions.session", "pk": "kjr0yo2gaxilfno6nmijvp7zcciihhah", "fields": {"session_data": ".eJxVjEEOgyAQRe8y64YgCjIuu-8ZDMxMi22jCeLKePeWxI3b_977O1DIBYb9uMEYtpLGbZU8TgwDtHDZYqCPzBXwO8yvRdEylzxFVRV10lU9Fpbv_XQvByms6V-TM2iiPHtxnTcRubeOGmc46hjYsvdGWHfaSovckNHIyJ7QYc1sC8cPMxo7Nw:1s7piw:e2zJCkKHtuqQxw6nQ2HLj4nO2c2PIqzFAjXKjOiEP54", "expire_date": "2024-05-31T05:01:42.048Z"}}, {"model": "sessions.session", "pk": "m5ag96d5wibhdvgwdnqzmizthn1awk60", "fields": {"session_data": "eyJjYXJ0Ijp7fX0:1sG0Zs:EeEhIT2f8b0adm7lRAzZgMOmOuDGgxhaEN27AkTKhNs", "expire_date": "2024-06-22T18:14:08.839Z"}}, {"model": "sessions.session", "pk": "oz0wev8hykrk1l15k1x8t25mb1yfie4j", "fields": {"session_data": "eyJjYXJ0Ijp7IjMiOnsiY291bnQiOjEsInByaWNlIjoiMTkuNjAifX19:1sETgo:hziXMqH_q_8IsvN5-efFFGaQ480-MGhxls27OKRojMI", "expire_date": "2024-06-18T12:54:58.742Z"}}, {"model": "sessions.session", "pk": "pfre8g3nfo70c301y33sflfpacay11b5", "fields": {"session_data": "eyJjYXJ0Ijp7fX0:1sEp0g:VIagdYhs_Wz-sNcEf7eNM5lx8PPD_iWmYzQrzesLFQw", "expire_date": "2024-06-19T11:40:54.140Z"}}, {"model": "sessions.session", "pk": "pxngffougeftzk2726r5l0jepudmlkpa", "fields": {"session_data": ".eJxVjcEOgyAMht-lZ0NAUMHj7nsGAy1MtwUWxJPx3YeJh-3Spv2-_t1hsluZp231eVoIRhig-d05iy8fT0BPGx-JYYolL46dCrvoyu6J_Pt2uX8Bs13nem1IiDDIwFsUPFDf1UaEjittRU_SSM11MIJzpzrVoqnQBxOqoJQkWUPR5gLjDqI9K6Yt1lE08MkL-vpCM83hOI4vv4dDkQ:1sFbzS:kqUBYoHA2LzWtAaR3XYUcbVfs4jqWM_5cRlC0FodfmQ", "expire_date": "2024-06-21T15:58:54.526Z"}}, {"model": "sessions.session", "pk": "r18y6zr7axl6h9qjhusp3qulki5q03ad", "fields": {"session_data": ".eJxVjDsOgzAQBe-ydWRt8BfK9DkD2l3bMUkEEoYKcfcEiYb2zczbQGheoNv2G_S0LqVfa5r7IUIHBi4bk3zSeID4pvE1KZnGZR5YHYo6aVXPKabv43QvB4Vq-ddty40QBouMQd-dRzTZamZJXkvjjKSM3tnAiBhCzEG36Lw3FEmscbD_AAzjOl0:1s6UsA:lX8uMrOCxo-yiubYynQeVGZUVmAxBeVE5uqHg0PGz9A", "expire_date": "2024-05-27T12:33:42.885Z"}}, {"model": "sessions.session", "pk": "sbypbvpg69f61jl01ej8f8pi2nmoppbi", "fields": {"session_data": ".eJxVjEEOwiAQRe_C2hBnCmHq0r1nIMAMUjWQlHbVeHdt0oVu_3vvb8qHdSl-7TL7idVFgTr9bjGkp9Qd8CPUe9Op1WWeot4VfdCub43ldT3cv4MSevnWiE4iWCKJjgMjEaFBGmG0KblMgJKHSMLWQbKMzBQMwHnIYAZnk3p_ANgBN38:1s5PGM:crnpCJ3yLNa9Qq1Mx6bcb69GtUa9QSSMyRspmWyjdk0", "expire_date": "2024-05-24T12:22:10.638Z"}}, {"model": "sessions.session", "pk": "t8hv1l0niz28mvejv6mug75xjmntx3s4", "fields": {"session_data": ".eJxtzD0OgzAMBeC7eEZREiDEjN17BpTYaaGtkoqfCXH3JhILUhdL9veedyA3r9DvoHSZlLaYV1XBd54oQA9WWAlHBeY_o8DM2Qe3reOwLWEeJs5Qw-XmHb1DLMAvF59JUIrrPHlRIuLURdwTh8_tzF4ejG4Zc5uMRu3Dowumsdojd60hZTR76R23bK0OLBvZhhpZkZbIyJbQYKm1NRw_eqBMOA:1sCHqa:bcAkI1Ehg7kmrqWKjmJUvadwWiS49dWGjs1lGYxasy0", "expire_date": "2024-06-12T11:52:00.196Z"}}, {"model": "sessions.session", "pk": "tj4eytd985egelzwff66ksk8r1pc89cp", "fields": {"session_data": ".eJxVjEEOgyAQRe8y64YgCjIuu-8ZDMxMi22jCeLKePeWxI3b_977O1DIBYb9uMEYtpLGbZU8TgwDtHDZYqCPzBXwO8yvRdEylzxFVRV10lU9Fpbv_XQvByms6V-TM2iiPHtxnTcRubeOGmc46hjYsvdGWHfaSovckNHIyJ7QYc1sC8cPMxo7Nw:1sCYJk:EMRK9pI9KSiPbekctdmALDi4aBASGw_g4jLTTcCDD3c", "expire_date": "2024-06-13T05:27:12.109Z"}}, {"model": "sessions.session", "pk": "tw8x4d1tzjch0wsy8ufa6cokqqearut8", "fields": {"session_data": ".eJyrVkpOLCpRsqpWMgERyfmleUCeoY5SQVFmcqqSlZKJsZ6FgVKtjpIZdnlLPUugdG0tABY-FRo:1sF4E9:vG5jdec-eZh6vWWYf2xjaBTdkEzW51xlESBgYFbN3X4", "expire_date": "2024-06-20T03:55:49.830Z"}}, {"model": "sessions.session", "pk": "txdqp9y2rbmg17ikpnbf8mczjheovhtg", "fields": {"session_data": ".eJyrVkpOLCpRsqpWMgERyfmleUCeoY5SQVFmcqqSlZKJsZ6FgVKtjpIZdnlLPUugdG0tABY-FRo:1sEkiB:9pmsuHpdYF3_58Yu3VLZUxYAEm5SWGuYmVlP0v5vHAQ", "expire_date": "2024-06-19T07:05:31.022Z"}}, {"model": "sessions.session", "pk": "u6jnc3kkxnldvzfg4s8b34cresjgadmn", "fields": {"session_data": "eyJjYXJ0Ijp7fX0:1sFnF8:8EZeOlgScfIIpFo-yItf67jITCJEtjefFaflEWx24cE", "expire_date": "2024-06-22T03:59:50.546Z"}}, {"model": "sessions.session", "pk": "vaduxr08rqs82xpgs53ebofw9heghb83", "fields": {"session_data": ".eJxVjEEOwiAQRe_C2hBnCmHq0r1nIMAMUjWQlHbVeHdt0oVu_3vvb8qHdSl-7TL7idVFgTr9bjGkp9Qd8CPUe9Op1WWeot4VfdCub43ldT3cv4MSevnWiE4iWCKJjgMjEaFBGmG0KblMgJKHSMLWQbKMzBQMwHnIYAZnk3p_ANgBN38:1s2HXM:rNtDo1dT7DGWJmN17XQMh8gTXhU9lD7BNf1C3wZLewY", "expire_date": "2024-05-15T21:30:48.446Z"}}, {"model": "sessions.session", "pk": "vvmgct3pkbyd7qdy3a9lo7s8pmnvxyv4", "fields": {"session_data": ".eJxVjDsOgzAQRO-yNbKMf9gp0-cMyN7dBJLIjvhUiLsHSzQ0I828mdkA47TAbQNTBcuaD2ca-E0jMtzAaOEl7HsDfVyXoV9nnvqRDqLhkqWIH84V0DvmVxFY8jKNSdSKOOksHoX4ez-7l4MhzsOxRqeCSvzs2BmvUqDOOmydoiRTJEveKyZppGUdqEUlAwXyGFyoM6th_wPXhUO6:1s7sNK:35pLTIXF2MGWPdiGSU5e5LhTivviS1RlPVU471Veppg", "expire_date": "2024-05-31T07:51:34.152Z"}}, {"model": "profiles.avatar", "pk": 20, "fields": {"src": "app_profiles/EZ_O18XGTbs.jpg", "alt": ""}}, {"model": "profiles.avatar", "pk": 22, "fields": {"src": "app_profiles/image_processing20200823-21005-yhhb29.png", "alt": ""}}, {"model": "profiles.avatar", "pk": 24, "fields": {"src": "app_profiles/EZ_O18XGTbs_UtrWpnM.jpg", "alt": ""}}, {"model": "profiles.avatar", "pk": 26, "fields": {"src": "app_profiles/EZ_O18XGTbs_wAWNGJj.jpg", "alt": ""}}, {"model": "profiles.profile", "pk": 4, "fields": {"user": 5, "fullName": "Тахир Ряснов", "phone": 79538932722, "balance": "0.00", "avatar": 20, "email": "a_ryasnov_a@mail.ru"}}, {"model": "profiles.profile", "pk": 5, "fields": {"user": 6, "fullName": "", "phone": null, "balance": "0.00", "avatar": 22, "email": null}}, {"model": "profiles.profile", "pk": 6, "fields": {"user": 7, "fullName": "Артём Ряснов", "phone": 79538932722, "balance": "0.00", "avatar": 24, "email": "user3@mail.ru"}}, {"model": "profiles.profile", "pk": 8, "fields": {"user": 9, "fullName": "Иванов Иван Иванович", "phone": 81111111111, "balance": "0.00", "avatar": 26, "email": "Ivanov@mail.ru"}}, {"model": "products.tag", "pk": 2, "fields": {"name": "собака"}}, {"model": "products.tag", "pk": 3, "fields": {"name": "дружба"}}, {"model": "products.tag", "pk": 4, "fields": {"name": "до слёз"}}, {"model": "products.tag", "pk": 5, "fields": {"name": "катастрофа"}}, {"model": "products.tag", "pk": 6, "fields": {"name": "любовь"}}, {"model": "products.tag", "pk": 7, "fields": {"name": "трагедия"}}, {"model": "products.tag", "pk": 8, "fields": {"name": "криминал"}}, {"model": "products.tag", "pk": 9, "fields": {"name": "война"}}, {"model": "products.tag", "pk": 10, "fields": {"name": "история"}}, {"model": "products.tag", "pk": 12, "fields": {"name": "волшебство"}}, {"model": "products.tag", "pk": 13, "fields": {"name": "трэш"}}, {"model": "products.categoryimage", "pk": 1, "fields": {"src": "app_products/categories/drama_t8iIOjZ.jpg", "alt": ""}}, {"model": "products.categoryimage", "pk": 2, "fields": {"src": "app_products/categories/2024-05-17_05-13-12.png", "alt": ""}}, {"model": "products.categoryimage", "pk": 3, "fields": {"src": "app_products/categories/2024-05-17_05-33-19.png", "alt": ""}}, {"model": "products.categoryimage", "pk": 4, "fields": {"src": "app_products/categories/2024-05-17_06-23-38.png", "alt": ""}}, {"model": "products.category", "pk": 1, "fields": {"title": "Драма", "parent": null, "image": 1}}, {"model": "products.category", "pk": 2, "fields": {"title": "Русская драма", "parent": 1, "image": 2}}, {"model": "products.category", "pk": 3, "fields": {"title": "Фэнтези", "parent": null, "image": 3}}, {"model": "products.category", "pk": 4, "fields": {"title": "Камедия", "parent": null, "image": 4}}, {"model": "products.specification", "pk": 1, "fields": {"name": "Языки", "value": "Русский, Английский"}}, {"model": "products.specification", "pk": 2, "fields": {"name": "Субтитры", "value": "Русский"}}, {"model": "products.specification", "pk": 3, "fields": {"name": "Изображение и звук", "value": "Фактическое качество зависит от устройства и ограничений правообладателя"}}, {"model": "products.product", "pk": 3, "fields": {"category": 2, "price": "19.60", "count": 11, "date": "2024-05-17T02:27:05.393Z", "title": "Брат", "description": "Демобилизовавшись, Данила Багров вернулся в родной городок. Но скучная жизнь российской провинции...", "fullDescription": "Демобилизовавшись, Данила Багров вернулся в родной городок. Но скучная жизнь российской провинции не устраивала его, и он решился податься в Петербург, где, по слухам, уже несколько лет процветает его старший брат. Данила нашел брата. Но все оказалось не так просто — брат работает наемным убийцей.", "freeDelivery": true, "rating": "4.2", "limited": false, "tags": [7, 8], "specifications": [3]}}, {"model": "products.product", "pk": 4, "fields": {"category": 3, "price": "43.80", "count": 67, "date": "2024-05-17T02:36:11.204Z", "title": "Властелин колец: Братство Кольца", "description": "Сказания о Средиземье — это хроника Великой войны за Кольцо, длившейся не одну тысячу лет. Тот...", "fullDescription": "Сказания о Средиземье — это хроника Великой войны за Кольцо, длившейся не одну тысячу лет. Тот, кто владел Кольцом, получал неограниченную власть, но был обязан служить злу.\r\n\r\nТихая деревня, где живут хоббиты. Придя на 111-й день рождения к своему старому другу Бильбо Бэггинсу, волшебник Гэндальф начинает вести разговор о кольце, которое Бильбо нашел много лет назад. Это кольцо принадлежало когда-то темному властителю Средиземья Саурону, и оно дает большую власть своему обладателю. Теперь Саурон хочет вернуть себе власть над Средиземьем. Бильбо отдает Кольцо племяннику Фродо, чтобы тот отнёс его к Роковой Горе и уничтожил.", "freeDelivery": false, "rating": "4.3", "limited": true, "tags": [3, 9, 12], "specifications": [1, 2, 3]}}, {"model": "products.product", "pk": 5, "fields": {"category": 4, "price": "65.20", "count": 17, "date": "2024-05-17T03:25:51.136Z", "title": "Бобро Поржаловать", "description": "Филипп Абрамс, начальник почтового отделения на юге Франции в Салон-де-Прованс делает всё для...", "fullDescription": "Филипп Абрамс, начальник почтового отделения на юге Франции в Салон-де-Прованс делает всё для того, чтобы быть переведённым по службе в Кассис, райский уголок близ Марселя. Однако все его старания и мечты идут крахом, когда за мелкое служебное нарушение он получает дисциплинарный перевод на два года в Берг на Севере, близ Дюнкерка.\r\n\r\nДля людей с Юга Франции, наполненных стереотипами, Север — это ужас, полярный регион, населённый грубыми существами, разговаривающими на непонятном языке. К своему великому изумлению, Филипп Абрамс обнаруживает там очаровательное место, тёплую команду, гостеприимных людей и приобретает новых друзей.", "freeDelivery": true, "rating": "3.9", "limited": true, "tags": [3, 6], "specifications": [1, 2, 3]}}, {"model": "products.product", "pk": 6, "fields": {"category": 2, "price": "35.10", "count": 15, "date": "2024-05-17T03:35:00.670Z", "title": "Непрощенный", "description": "Основанная на реальных событиях история мужчины, пытающегося добиться справедливости после гибели...", "fullDescription": "Основанная на реальных событиях история мужчины, пытающегося добиться справедливости после гибели своей семьи в ужасной авиакатастрофе. Узнать подробности столь трогательной истории можно посмотрев фильм «Непрощенный»", "freeDelivery": false, "rating": "4.4", "limited": true, "tags": [4, 5, 7, 8], "specifications": []}}, {"model": "products.product", "pk": 7, "fields": {"category": 2, "price": "37.80", "count": 652, "date": "2024-05-17T03:38:54.314Z", "title": "28 панфиловцев", "description": "Осенью 1941-го года немецкие части, стоявшие возле Волоколамска, отделяло от Москвы каких-нибудь...", "fullDescription": "Осенью 1941-го года немецкие части, стоявшие возле Волоколамска, отделяло от Москвы каких-нибудь два часа по шоссе. Однако, на этом шоссе стояла 316-я стрелковая дивизия под командованием генерала И.В.Панфилова. Этот военачальник обладал настолько высоким авторитетом среди личного состава, что бойцы дивизии сами называли себя панфиловцами. А дивизию - панфиловской.", "freeDelivery": false, "rating": "3.8", "limited": false, "tags": [7, 9, 10], "specifications": []}}, {"model": "products.product", "pk": 8, "fields": {"category": 1, "price": "68.40", "count": 131, "date": "2024-05-17T04:40:08.209Z", "title": "Титаник", "description": "В первом и последнем плавании шикарного «Титаника» встречаются двое. Пассажир нижней палубы Джек...", "fullDescription": "В первом и последнем плавании шикарного «Титаника» встречаются двое. Пассажир нижней палубы Джек выиграл билет в карты, а богатая наследница Роза отправляется в Америку, чтобы выйти замуж по расчёту. Чувства молодых людей только успевают расцвести, и даже не классовые различия создадут испытания влюблённым, а айсберг, вставший на пути считавшегося непотопляемым лайнера.", "freeDelivery": false, "rating": "4.2", "limited": false, "tags": [4, 5, 6, 7, 10], "specifications": [1, 2, 3]}}, {"model": "products.product", "pk": 9, "fields": {"category": 3, "price": "69.60", "count": 69, "date": "2024-05-17T06:11:31.857Z", "title": "Властелин колец: Две крепости", "description": "Путешествие по направлению к Мордору продолжается. Оно оказалось для маленького хоббита большим...", "fullDescription": "Путешествие по направлению к Мордору продолжается. Оно оказалось для маленького хоббита большим испытанием. Не думал он что столько выпадет на его долю в этом пути. Если б рядом не было друга, который прикрывал тыл, неизвестно, как и вовсе бы все завершилось. Заплутавши, парни встретили непонятного карлика, который был очень мрачным и пугающим. Он представился Голлумом и, рассказав свою печальную историю, обещал помочь в поисках короткого пути к нужному месту.\r\nВ это же самое время союзники героев попадают в плен к злобным оркам. Они готовы сожрать их товарищей, но вот беда – никак не могут договориться, кому кто достанется. Пока враги спорят, на лагерь орков нападают. Пленники надеются, что в этот момент они как раз и смогут сбежать, если, конечно, их расчёты будут верными.\r\nГендальф пережил реинкарнацию и теперь он белый чародей, который непременно придет на помощь в нужный час. Однако сила его не так велика, как у Саурона. Это значит, что во всем полагаться на него не стоит. Надо продолжать путь туда, где все начиналось. Там же все должно и закончиться. Либо хоббиты сгинут, либо победят. А пока они спешат в пункт назначения, две крепости встречают пополнение в лице наступающей нежити.", "freeDelivery": true, "rating": "4.4", "limited": true, "tags": [3, 9, 12], "specifications": [1, 2, 3]}}, {"model": "products.product", "pk": 10, "fields": {"category": 3, "price": "60.30", "count": 60, "date": "2024-05-17T06:50:10.997Z", "title": "Властелин колец: Возвращение короля", "description": "Повелитель сил тьмы Саурон направляет свою бесчисленную армию под стены Минас-Тирита, крепости...", "fullDescription": "Повелитель сил тьмы Саурон направляет свою бесчисленную армию под стены Минас-Тирита, крепости Последней Надежды. Он предвкушает близкую победу, но именно это мешает ему заметить две крохотные фигурки — хоббитов, приближающихся к Роковой Горе, где им предстоит уничтожить Кольцо Всевластья.", "freeDelivery": true, "rating": "4.4", "limited": true, "tags": [7, 9, 12], "specifications": [1, 2, 3]}}, {"model": "products.product", "pk": 11, "fields": {"category": 4, "price": "28.00", "count": 27, "date": "2024-05-17T06:52:36.567Z", "title": "1+1", "description": "Пострадав в результате несчастного случая, богатый аристократ Филипп нанимает в помощники...", "fullDescription": "Пострадав в результате несчастного случая, богатый аристократ Филипп нанимает в помощники человека, который менее всего подходит для этой работы, – молодого жителя предместья Дрисса, только что освободившегося из тюрьмы. Несмотря на то, что Филипп прикован к инвалидному креслу, Дриссу удается привнести в размеренную жизнь аристократа дух приключений.", "freeDelivery": true, "rating": "4.4", "limited": false, "tags": [3, 4], "specifications": [1, 2, 3]}}, {"model": "products.product", "pk": 12, "fields": {"category": 4, "price": "59.30", "count": 53, "date": "2024-05-17T06:55:36.158Z", "title": "В финале Джон умрёт", "description": "Странный парень Дэйв Вон, явно находящийся под действием веществ, встречается с журналистом и...", "fullDescription": "Странный парень Дэйв Вон, явно находящийся под действием веществ, встречается с журналистом и рассказывает ему свою историю. Два года назад он и его друг Джон были обычными старшеклассниками. На очередной вечеринке Дэйв познакомился со странным ямайцем, который обладал телепатическими и многими другими способностями, а Джон, как позже выяснилось, отправился с большой компанией к тому в гости, где попробовал некую субстанцию под названием соевый соус. Приехав среди ночи спасать друга от ужасающих галлюцинаций, Дэйв тоже случайно оказывается под действием загадочного вещества. С тех пор мир для друзей никогда не был прежним.", "freeDelivery": false, "rating": "3.3", "limited": true, "tags": [3, 4, 13], "specifications": [1, 2, 3]}}, {"model": "products.product", "pk": 13, "fields": {"category": 1, "price": "33.00", "count": 33, "date": "2024-05-17T06:57:55.733Z", "title": "Хатико: самый верный друг", "description": "Однажды, возвращаясь с работы, профессор колледжа нашел на вокзале симпатичного щенка породы...", "fullDescription": "Однажды, возвращаясь с работы, профессор колледжа нашел на вокзале симпатичного щенка породы акита-ину. Профессор и Хатико стали верными друзьями. Каждый день пес провожал и встречал хозяина на вокзале.", "freeDelivery": false, "rating": "4.4", "limited": false, "tags": [2, 3, 4, 7], "specifications": [1, 2, 3]}}, {"model": "products.product", "pk": 15, "fields": {"category": 1, "price": "19.40", "count": 19, "date": "2024-05-17T07:06:40.393Z", "title": "Реинкарнация", "description": "После смерти матери в ранее спокойном доме Энни начинает твориться нечто необъяснимое. Теперь под...", "fullDescription": "После смерти матери в ранее спокойном доме Энни начинает твориться нечто необъяснимое. Теперь под угрозой жизнь её близких, и с каждым днём открываются новые ужасающие секреты семьи.", "freeDelivery": true, "rating": "3.3", "limited": true, "tags": [5, 6, 7], "specifications": [1, 2, 3]}}, {"model": "products.productimage", "pk": 9, "fields": {"product": 3, "src": "app_products/products/Брат/brat.jpg", "alt": ""}}, {"model": "products.productimage", "pk": 10, "fields": {"product": 3, "src": "app_products/products/Брат/tifHI47iV8g.jpg", "alt": ""}}, {"model": "products.productimage", "pk": 11, "fields": {"product": 6, "src": "app_products/products/Непрощенный/neproshenny.jpg", "alt": ""}}, {"model": "products.productimage", "pk": 12, "fields": {"product": 6, "src": "app_products/products/Непрощенный/952903dbcebb26438238874fcb3ba13d.jpg", "alt": ""}}, {"model": "products.productimage", "pk": 13, "fields": {"product": 7, "src": "app_products/products/28 панфиловцев/2Fvc7Mn.jpeg", "alt": ""}}, {"model": "products.productimage", "pk": 14, "fields": {"product": 7, "src": "app_products/products/28 панфиловцев/210.jpg", "alt": ""}}, {"model": "products.productimage", "pk": 18, "fields": {"product": 4, "src": "app_products/products/Властелин колец Братство Кольца/bratstvo.png", "alt": ""}}, {"model": "products.productimage", "pk": 19, "fields": {"product": 4, "src": "app_products/products/Властелин колец Братство Кольца/scale_1200.jpg", "alt": ""}}, {"model": "products.productimage", "pk": 20, "fields": {"product": 9, "src": "app_products/products/Властелин колец Две крепости/dve.jpg", "alt": ""}}, {"model": "products.productimage", "pk": 21, "fields": {"product": 9, "src": "app_products/products/Властелин колец Две крепости/w1500_48477979.jpg", "alt": ""}}, {"model": "products.productimage", "pk": 22, "fields": {"product": 10, "src": "app_products/products/Властелин колец Возвращение короля/vozvrashenie.jpg", "alt": ""}}, {"model": "products.productimage", "pk": 23, "fields": {"product": 10, "src": "app_products/products/Властелин колец Возвращение короля/1517919734-185043860-vlastelin-_CBibz9L.jpg", "alt": ""}}, {"model": "products.productimage", "pk": 24, "fields": {"product": 11, "src": "app_products/products/1+1/11.jpg", "alt": ""}}, {"model": "products.productimage", "pk": 25, "fields": {"product": 11, "src": "app_products/products/1+1/intouchables.jpg", "alt": ""}}, {"model": "products.productimage", "pk": 26, "fields": {"product": 12, "src": "app_products/products/В финале Джон умрёт/v.jpg", "alt": ""}}, {"model": "products.productimage", "pk": 27, "fields": {"product": 12, "src": "app_products/products/В финале Джон умрёт/w1500_613039.jpg", "alt": ""}}, {"model": "products.productimage", "pk": 28, "fields": {"product": 13, "src": "app_products/products/Хатико самый верный друг/хатико.webp", "alt": ""}}, {"model": "products.productimage", "pk": 29, "fields": {"product": 13, "src": "app_products/products/Хатико самый верный друг/scale_1200_1.jpg", "alt": ""}}, {"model": "products.productimage", "pk": 31, "fields": {"product": 8, "src": "app_products/products/Титаник/755103099415216.jpg", "alt": ""}}, {"model": "products.productimage", "pk": 32, "fields": {"product": 15, "src": "app_products/products/Реинкарнация/hereditary.jpg", "alt": ""}}, {"model": "products.productimage", "pk": 33, "fields": {"product": 5, "src": "app_products/products/Бобро Поржаловать/bobro.jpg", "alt": ""}}, {"model": "products.productimage", "pk": 34, "fields": {"product": 5, "src": "app_products/products/Бобро Поржаловать/2024-05-17_06-26-39.png", "alt": ""}}, {"model": "products.productimage", "pk": 35, "fields": {"product": 12, "src": "app_products/products/В финале Джон умрёт/vfinale.webp", "alt": ""}}, {"model": "products.review", "pk": 9, "fields": {"product": 3, "author": 5, "email": "tahir@mail.ru", "text": "Отзыв: Фильм \"Брат\" (1997) - Замечательный фильм\r\nДостоинства: Пересматривала много раз и всегда интересно\r\nНедостатки: Нет\r\nЗдравствуйте, дорогие друзья! Сегодня а вами поговорим о чудесном фильме Балабанова.\r\nНаверное, каждый слышал об этой картине или как минимум раз её смотрел. Я не исключение. В чем же магия этого кино?\r\nВо-первых, музыка. Легендарный Бутусов просто как нельзя кстати вписывается сюда. Его песни четко отражают настроение героя на протяжении всего фильма.\r\nВо-вторых, чудесные актёры. Действительно гении в своём жанре. Как и главный герой, так и второстепенные. Они словно и не играют, так животных снят фильм.\r\nВсе снято очень динамично. Я лично не перематывала и не скучала во время просмотра. Тебя постоянно держат в напряжении, так интересно узнать, чем же все закончится.\r\nПоэтому если вы по какой-либо причине ещё не смотрели этот фильм, то обязательно после прочтения моего отзыва включите его. Вы получите коллосальное удовольствие от этой картины.\r\nТакже у фильма есть продолжение, которое не менее прекрасно, как я считаю. Но о нём я может быть я расскажу в другой раз.\r\nНадо сказать, что основное действие фильма происходит в Петербурге. Очень здорово показана атмосфера и архитектура самого города. Чувствуется то самое меланхоличное настроение.\r\nНа этом мой отзыв подходит к концу. Спасибо, что дочитали и приятного вам просмотра!", "rate": 5, "date": "2024-05-17T02:28:34.759Z"}}, {"model": "products.review", "pk": 10, "fields": {"product": 5, "author": 6, "email": "Ksuwa@mail.ru", "text": "Отзыв: Фильм \"Бобро поржаловать\" (2008) - Смотреть можно!\r\nДостоинства: Сюжет, персонажи\r\nНедостатки: не всегда понятно о чем говорят персонажи\r\nЭтому фильму уже 13 лет, но я в первые посмотрел его совсем недавно и то случайно, наткнулся переключая каналы.\r\nПо сюжету Филиппа назначают начальником почтового отделения в небольшой городок Берг на Севере. Проблема заключается в том, что у Филиппа есть стереотипы насчет местного населения, да и общаются они на не очень понятном ему языке (фламандском языке) ...\r\nЯ смотрел фильм в дубляже и локализаторы очень постарались передать уникальность местного языка или наречья. Но вот какая штука, я практически ничего не понимал, что говорят персонажи, отдельные фразы или даже слова, это очень резало слух и создавала определенный дискомфорт. Собственно, из-за этого я хотел уже выключить фильм, но все-таки решил досмотреть. И не зря. со временем я попривык к речи и тал получать удовольствие от происходящего.\r\nВ фильме много юмора, но он скорее всего рассчитан на людей в теме, т. е. местное население, которые в курсе ситуации. Но забавные моменты все-таки были.\r\nФильм в принципе интересный. Он демонстрирует, то как внешность может быть обманчива. Ведь все местные жители по сути \"чудаковатые\", ну с точки зрения других людей конечно, приезжие им кажутся такими же. Но узнав их по ближе Филипп понимает, что он сильно заблуждался на их счет, что они добрые, отзывчивые, готовые прийти на помощь, он обретает друзей, которых ему не хватало.\r\nАктерский состав неплохой, из всех я знаю только Дэни Буна, достаточно известного современного французского актера, он тут очень хорош и как всегда обаятелен. Но и остальные актеры сыграли хорошо, а как они использовали местный язык это для меня вообще загадка).\r\nФильм к просмотру советую и если у Вас, как и у меня возникнет чувство дискомфорта, подождите оно должно пройти.\r\nСпасибо за внимание!", "rate": 4, "date": "2024-05-17T03:32:11.776Z"}}, {"model": "products.review", "pk": 11, "fields": {"product": 4, "author": 5, "email": "tahir@mail.ru", "text": "Отзыв: Фильм \"Властелин колец: Братство кольца\" (2001) - Классика фэнтези.\r\nДостоинства: По книге Джона Р.Р.Толкина. Умопомрачительное качество. Прекрасные образы. И т.д.\r\nНедостатки: Для ненавистников жанра.\r\nМимо этого фильма не смогли пройти даже те, кто абсолютно равнодушен к творчеству профессора Толкина. Даже, если, подобно мне, пора фанатизма давно прошла, а на толкиенистов ты стал поглядывать добродушно-снисходительно. Но, прошло время, пришла следующая эпоха и на экране замелькали знакомые образы, да еще такие, какими ты их и представлял. С трудом могу вспомнить хотя бы один неверный образ (да простят меня маньяки книги), если только Беорна показали неудачно. Да и то, это уже в следующей части.\r\nВ общем, фильм грандиозный, настолько, что его затянувшееся коммерческое размазывание в длиннющий фильм о хоббите в более позднее время меня выбесило окончательно. Но в 2001 году все еще было хорошо. Чудеса компьютерной графики определили новое тысячелетие, а изобилие режиссерских версий фильма внесли дополнительную интригу. Мои любимые герои, конечно, Перегрин Тук и Гэндальф. Зря, конечно, на эту роль последнего взяли человека, имеющего нетрадиционную ориентацию.\r\nО \"Властелине колец\" можно говорить до бесконечности, фильм снят довольно близко к тексту (толкиенисты не согласятся), образы прекрасные, даже сказочные, звуковой ряд великолепен, в общем, как жаль, что в моем детстве не было ничего похожего. Три часа фильма проносятся мгновенно и очень радует тот факт, что впереди еще две. Версия \"Хоббита\" же, снятая позже, меня только бесит своей недостоверностью и намеренной растянутостью.\r\nНет ничего лучшего. чем долгим зимним вечером включить \"Властелин колец\" и вступить в очередную бесконечную и бессмысленную дискуссию по поводу необъятного мира профессора Толкина. Причем всякие тролль-вопросы с лурки, которым всегда пытался кормить меня мой друг, давно несостоятельны. Например, \"почему было сразу не полететь в Мордор на орле\".\r\nВ общем, смотрите хорошие фильмы, показывайте их детям", "rate": 5, "date": "2024-05-17T03:33:10.856Z"}}, {"model": "products.sale", "pk": 3, "fields": {"product": 6, "salePrice": "9.90", "dateFrom": "2024-05-17T00:00:00Z", "dateTo": "2024-08-30T00:00:00Z", "title": "Непрощенный всего за 9,9!!!"}}, {"model": "products.sale", "pk": 4, "fields": {"product": 12, "salePrice": "8.80", "dateFrom": "2024-05-13T00:00:00Z", "dateTo": "2024-10-25T00:00:00Z", "title": "Джон умрёт всего за 8,8!!!!"}}, {"model": "orders.order", "pk": 1, "fields": {"profile": 6, "createdAt": "2024-06-07T11:37:43.453Z", "deliveryType": "free", "paymentType": "online", "totalCost": "43.80", "status": "", "city": "", "address": "", "products": [4]}}, {"model": "orders.order", "pk": 2, "fields": {"profile": 6, "createdAt": "2024-06-07T11:38:49.840Z", "deliveryType": "free", "paymentType": "online", "totalCost": "43.80", "status": "", "city": "", "address": "", "products": [4]}}, {"model": "orders.order", "pk": 3, "fields": {"profile": 6, "createdAt": "2024-06-07T12:02:40.661Z", "deliveryType": "free", "paymentType": "online", "totalCost": "43.80", "status": "", "city": "", "address": "", "products": [4]}}, {"model": "orders.order", "pk": 4, "fields": {"profile": 6, "createdAt": "2024-06-07T12:05:44.994Z", "deliveryType": "ordinary", "paymentType": "online", "totalCost": "103.40", "status": "expecting payment", "city": "Новосибирск", "address": "ул Выборная, д 130, кв 104", "products": [4, 6]}}, {"model": "orders.order", "pk": 5, "fields": {"profile": 6, "createdAt": "2024-06-07T12:08:39.613Z", "deliveryType": "express", "paymentType": "online", "totalCost": "111.40", "status": "expecting payment", "city": "Новосибирск", "address": "улица Унылой жены, д 1", "products": [4, 12]}}, {"model": "orders.order", "pk": 6, "fields": {"profile": 6, "createdAt": "2024-06-07T12:10:16.767Z", "deliveryType": "express", "paymentType": "online", "totalCost": "111.40", "status": "expecting payment", "city": "", "address": "", "products": [4, 12]}}, {"model": "orders.order", "pk": 7, "fields": {"profile": 6, "createdAt": "2024-06-07T13:07:29.387Z", "deliveryType": "free", "paymentType": "online", "totalCost": "61.40", "status": "", "city": "", "address": "", "products": [4, 12]}}, {"model": "orders.order", "pk": 8, "fields": {"profile": 6, "createdAt": "2024-06-07T13:09:02.766Z", "deliveryType": "free", "paymentType": "online", "totalCost": "61.40", "status": "", "city": "", "address": "", "products": [4, 12]}}, {"model": "orders.order", "pk": 9, "fields": {"profile": 6, "createdAt": "2024-06-07T13:09:52.120Z", "deliveryType": "free", "paymentType": "online", "totalCost": "61.40", "status": "", "city": "", "address": "", "products": [4, 12]}}, {"model": "orders.order", "pk": 10, "fields": {"profile": 6, "createdAt": "2024-06-07T13:10:39.912Z", "deliveryType": "free", "paymentType": "online", "totalCost": "131.40", "status": "", "city": "", "address": "", "products": [4]}}, {"model": "orders.order", "pk": 11, "fields": {"profile": 6, "createdAt": "2024-06-07T13:14:24.726Z", "deliveryType": "free", "paymentType": "online", "totalCost": "151.40", "status": "expecting payment", "city": "", "address": "", "products": [4]}}, {"model": "orders.order", "pk": 12, "fields": {"profile": 6, "createdAt": "2024-06-07T13:53:59.732Z", "deliveryType": "free", "paymentType": "online", "totalCost": "13.80", "status": "paid", "city": "", "address": "", "products": [12]}}, {"model": "orders.order", "pk": 13, "fields": {"profile": 6, "createdAt": "2024-06-07T15:58:51.264Z", "deliveryType": "free", "paymentType": "online", "totalCost": "13.80", "status": "paid", "city": "", "address": "", "products": [12]}}, {"model": "orders.order", "pk": 14, "fields": {"profile": 6, "createdAt": "2024-06-09T04:29:50.638Z", "deliveryType": "free", "paymentType": "online", "totalCost": "78.80", "status": "expecting payment", "city": "", "address": "", "products": [4]}}, {"model": "orders.order", "pk": 15, "fields": {"profile": 6, "createdAt": "2024-06-09T04:32:46.899Z", "deliveryType": "free", "paymentType": "online", "totalCost": "53.80", "status": "expecting payment", "city": "", "address": "", "products": [4]}}, {"model": "orders.order", "pk": 16, "fields": {"profile": 6, "createdAt": "2024-06-09T04:35:29.415Z", "deliveryType": "free", "paymentType": "online", "totalCost": "34.50", "status": "expecting payment", "city": "", "address": "", "products": [3, 6]}}, {"model": "orders.order", "pk": 17, "fields": {"profile": 6, "createdAt": "2024-06-09T04:36:01.280Z", "deliveryType": "free", "paymentType": "online", "totalCost": "44.50", "status": "expecting payment", "city": "", "address": "", "products": [3, 6]}}, {"model": "orders.order", "pk": 18, "fields": {"profile": 6, "createdAt": "2024-06-09T04:37:05.754Z", "deliveryType": "free", "paymentType": "online", "totalCost": "63.80", "status": "expecting payment", "city": "", "address": "", "products": [4]}}, {"model": "orders.order", "pk": 19, "fields": {"profile": 6, "createdAt": "2024-06-09T04:38:46.132Z", "deliveryType": "free", "paymentType": "online", "totalCost": "58.70", "status": "expecting payment", "city": "", "address": "", "products": [4, 6]}}, {"model": "orders.order", "pk": 20, "fields": {"profile": 8, "createdAt": "2024-06-09T06:09:33.297Z", "deliveryType": "ordinary", "paymentType": "someone", "totalCost": "118.50", "status": "expecting payment", "city": "Грозный", "address": "ул. Хамзата Орзамиева, д. 32", "products": [6, 7, 11]}}, {"model": "orders.order", "pk": 21, "fields": {"profile": 8, "createdAt": "2024-06-09T06:20:21.024Z", "deliveryType": "free", "paymentType": "online", "totalCost": "65.20", "status": "", "city": "", "address": "", "products": [5]}}, {"model": "orders.orderproducts", "pk": 1, "fields": {"order": 11, "product": 4, "count": 3}}, {"model": "orders.orderproducts", "pk": 2, "fields": {"order": 12, "product": 12, "count": 1}}, {"model": "orders.orderproducts", "pk": 3, "fields": {"order": 13, "product": 12, "count": 1}}, {"model": "orders.orderproducts", "pk": 4, "fields": {"order": 14, "product": 4, "count": 1}}, {"model": "orders.orderproducts", "pk": 5, "fields": {"order": 15, "product": 4, "count": 1}}, {"model": "orders.orderproducts", "pk": 6, "fields": {"order": 16, "product": 3, "count": 1}}, {"model": "orders.orderproducts", "pk": 7, "fields": {"order": 16, "product": 6, "count": 1}}, {"model": "orders.orderproducts", "pk": 8, "fields": {"order": 17, "product": 3, "count": 1}}, {"model": "orders.orderproducts", "pk": 9, "fields": {"order": 17, "product": 6, "count": 1}}, {"model": "orders.orderproducts", "pk": 10, "fields": {"order": 18, "product": 4, "count": 1}}, {"model": "orders.orderproducts", "pk": 11, "fields": {"order": 19, "product": 4, "count": 1}}, {"model": "orders.orderproducts", "pk": 12, "fields": {"order": 19, "product": 6, "count": 1}}, {"model": "orders.orderproducts", "pk": 13, "fields": {"order": 20, "product": 6, "count": 1}}, {"model": "orders.orderproducts", "pk": 14, "fields": {"order": 20, "product": 7, "count": 2}}, {"model": "orders.orderproducts", "pk": 15, "fields": {"order": 20, "product": 11, "count": 1}}]